Unit,Date,Dacoity,Robbery,Murder,Speedy Trial,Riot,Woman & Child Repression,Kidnapping,Police Assault,Burglary,Theft,Arms Act,Explosive Act,Narcotics,Smuggling
Barishal Range,2019-01-31,2,3,16,2,0,86,3,2,16,23,1,0,363,0
Barishal Range,2019-02-28,1,4,19,0,0,96,3,1,13,15,1,0,349,0
Barishal Range,2019-03-31,2,0,11,2,0,119,0,2,15,12,4,2,334,1
Barishal Range,2019-04-30,2,5,11,3,0,152,0,1,20,19,4,0,386,1
Barishal Range,2019-05-31,0,2,7,0,0,184,0,0,11,20,2,1,323,1
Barishal Range,2019-06-30,0,5,23,0,0,152,1,3,15,20,0,0,271,0
Barishal Range,2019-07-31,3,6,9,0,0,142,1,1,19,22,4,0,358,0
Barishal Range,2019-08-31,2,1,9,0,0,153,3,2,13,19,6,0,364,1
Barishal Range,2019-09-30,4,2,10,0,0,148,2,3,15,16,5,0,340,2
Barishal Range,2019-10-31,2,3,13,0,0,141,4,1,16,15,5,2,310,0
Barishal Range,2019-11-30,1,1,7,0,0,111,3,0,14,19,3,0,284,0
Barishal Range,2019-12-31,3,1,11,1,0,93,2,0,11,19,3,2,286,2
Barishal Range,2020-01-31,1,3,12,0,0,105,5,0,11,21,6,0,299,2
Barishal Range,2020-02-29,4,0,12,0,0,106,2,1,9,26,1,0,299,2
Barishal Range,2020-03-31,1,4,7,5,0,110,2,1,13,21,0,0,327,1
Barishal Range,2020-04-30,0,0,16,4,0,95,1,3,11,8,0,2,68,0
Barishal Range,2020-05-31,0,2,12,1,0,106,1,2,9,10,2,0,117,2
Barishal Range,2020-06-30,0,3,12,0,0,108,1,0,16,10,3,0,223,0
Barishal Range,2020-07-31,2,3,12,0,0,111,0,1,13,17,9,0,290,0
Barishal Range,2020-08-31,0,3,13,9,0,141,1,2,13,21,3,0,210,0
Barishal Range,2020-09-30,2,6,11,7,0,145,3,0,15,22,4,0,224,0
Barishal Range,2020-10-31,2,2,10,17,0,178,3,4,14,18,2,1,225,1
Barishal Range,2020-11-30,1,1,13,1,0,135,1,1,13,22,0,0,261,0
Barishal Range,2020-12-31,0,2,13,1,0,92,0,2,6,20,2,1,229,0
Barishal Range,2021-01-31,1,1,13,8,0,85,1,3,10,17,0,0,234,0
Barishal Range,2021-02-28,2,1,9,10,0,110,0,1,12,23,0,1,197,0
Barishal Range,2021-03-31,1,1,8,7,0,108,1,1,11,24,2,1,307,0
Barishal Range,2021-04-30,1,4,14,3,0,119,0,1,12,20,6,1,188,1
Barishal Range,2021-05-31,1,4,17,7,0,85,0,0,15,25,2,3,235,0
Barishal Range,2021-06-30,2,5,19,13,0,123,5,4,8,24,1,0,214,0
Barishal Range,2021-07-31,2,0,10,7,0,108,1,1,16,19,2,0,181,0
Barishal Range,2021-08-31,3,3,11,6,0,121,0,0,13,27,2,0,286,2
Barishal Range,2021-09-30,1,1,9,3,0,131,2,1,8,26,1,0,272,1
Barishal Range,2021-10-31,3,4,12,1,0,128,1,1,19,19,1,0,246,0
Barishal Range,2021-11-30,6,2,14,14,0,93,2,3,10,15,4,1,209,4
Barishal Range,2021-12-31,1,0,13,5,0,89,1,1,12,19,3,2,191,0
Barishal Range,2022-01-31,1,3,13,3,0,79,1,1,13,29,1,3,273,1
Barishal Range,2022-02-28,3,5,4,5,0,95,0,2,11,16,0,0,268,0
Barishal Range,2022-03-31,3,6,7,1,0,126,1,3,13,29,4,0,252,0
Barishal Range,2022-04-30,1,3,12,0,0,106,3,2,13,25,2,0,241,3
Barishal Range,2022-05-31,0,5,11,7,0,116,1,1,9,21,2,0,246,0
Barishal Range,2022-06-30,4,3,12,5,0,121,0,6,12,27,1,0,221,0
Barishal Range,2022-07-31,3,1,18,1,0,109,1,2,10,23,3,0,252,0
Barishal Range,2022-08-31,2,4,9,0,0,130,1,0,15,29,2,0,220,0
Barishal Range,2022-09-30,1,2,12,1,0,111,0,1,6,38,4,1,228,0
Barishal Range,2022-10-31,1,1,11,2,0,125,1,1,19,23,0,0,198,0
Barishal Range,2022-11-30,1,3,8,2,0,88,3,1,8,26,0,1,203,0
Barishal Range,2022-12-31,3,1,5,2,0,77,3,1,9,28,3,18,216,3
Barishal Range,2023-01-31,2,2,13,3,0,78,1,2,8,26,2,0,248,1
Barishal Range,2023-02-28,1,2,8,2,0,65,0,1,9,15,2,2,204,1
Barishal Range,2023-03-31,1,3,13,4,0,92,0,5,10,34,1,0,201,0
Barishal Range,2023-04-30,1,2,10,1,0,72,2,4,6,21,1,1,191,0
Barishal Range,2023-05-31,1,2,13,1,0,109,0,3,8,28,5,0,242,0
Barishal Range,2023-06-30,1,3,3,4,0,138,0,2,11,33,2,1,204,0
Barishal Range,2023-07-31,2,1,5,1,0,123,2,4,14,29,2,3,237,1
Barishal Range,2023-08-31,1,4,11,3,0,142,0,1,16,28,2,0,228,0
Barishal Range,2023-09-30,1,3,12,5,0,130,1,1,15,23,4,2,196,2
Barishal Range,2023-10-31,5,2,10,4,0,131,1,2,11,22,2,7,187,0
Barishal Range,2023-11-30,2,1,9,5,0,119,0,1,14,11,6,20,163,0
Barishal Range,2023-12-31,1,3,9,8,0,102,2,1,9,25,3,0,186,0
Barishal Range,2024-01-31,1,0,15,7,0,95,2,0,23,25,3,0,179,0
Barishal Range,2024-02-29,1,4,12,6,0,133,1,1,13,35,0,1,187,0
Barishal Range,2024-03-31,2,2,15,11,0,150,0,2,10,26,1,2,215,0
Barishal Range,2024-04-30,0,3,11,5,0,130,1,2,9,28,1,0,176,2
Barishal Range,2024-05-31,0,0,8,11,0,152,0,2,7,17,2,2,151,0
Barishal Range,2024-06-30,5,1,10,8,0,172,0,3,8,23,0,0,165,0
Barishal Range,2024-07-31,1,1,14,16,0,192,2,1,17,30,0,0,196,0
Barishal Range,2024-08-31,3,3,19,39,0,129,0,1,14,25,0,4,22,0
Barishal Range,2024-09-30,8,2,12,20,1,145,3,0,14,28,9,8,46,0
Barishal Range,2024-10-31,4,2,5,14,0,165,4,2,15,25,8,10,111,0
Barishal Range,2024-11-30,4,6,8,14,1,152,2,2,29,31,11,2,135,0
Barishal Range,2024-12-31,3,5,4,13,0,96,2,1,21,36,5,1,124,0
Barishal Range,2025-01-31,4,2,12,12,0,98,3,3,15,40,3,2,138,0
Barishal Range,2025-02-28,6,4,16,18,0,120,5,2,14,25,0,0,125,0
Barishal Range,2025-03-31,2,11,36,12,0,218,2,2,16,81,15,2,366,16
Barishal Range,2025-04-30,6,2,15,11,0,197,3,2,14,28,3,0,154,0
Barishal Range,2025-05-31,6,5,12,12,0,181,5,3,16,27,4,0,159,0
Barishal Range,2025-06-30,1,3,7,4,0,169,2,2,12,36,2,1,134,0
Bmp,2019-01-31,0,0,0,0,0,14,1,0,4,6,1,0,91,0
Bmp,2019-02-28,0,0,0,1,0,15,0,0,2,6,0,0,76,0
Bmp,2019-03-31,0,0,1,2,0,11,0,0,4,4,0,0,88,0
Bmp,2019-04-30,0,1,2,2,0,13,0,0,2,5,1,0,99,0
Bmp,2019-05-31,0,0,0,0,0,11,0,0,3,5,1,0,116,0
Bmp,2019-06-30,0,2,3,0,0,18,0,0,2,6,0,0,99,0
Bmp,2019-07-31,1,0,5,0,0,14,0,0,6,5,0,0,114,0
Bmp,2019-08-31,0,2,4,1,0,14,0,0,11,8,2,0,133,0
Bmp,2019-09-30,0,2,3,2,0,13,0,1,12,8,0,0,127,0
Bmp,2019-10-31,1,0,3,0,0,7,0,0,12,10,2,0,107,0
Bmp,2019-11-30,0,0,3,0,0,21,1,0,8,7,2,0,88,0
Bmp,2019-12-31,0,0,1,0,0,9,0,0,4,6,0,1,93,0
Bmp,2020-01-31,0,1,2,2,0,13,0,0,7,16,1,0,106,0
Bmp,2020-02-29,0,2,1,2,0,12,0,0,10,10,0,0,93,0
Bmp,2020-03-31,0,0,1,3,0,10,0,1,8,5,0,0,102,0
Bmp,2020-04-30,0,0,3,1,0,4,0,1,1,3,0,0,26,0
Bmp,2020-05-31,0,0,2,2,0,4,0,0,2,5,1,0,8,0
Bmp,2020-06-30,0,3,2,0,0,12,0,0,2,6,0,0,18,0
Bmp,2020-07-31,0,1,0,1,0,18,0,0,6,14,1,0,31,1
Bmp,2020-08-31,0,1,0,3,0,16,0,0,6,12,3,0,43,0
Bmp,2020-09-30,0,0,4,1,0,14,1,0,3,10,0,0,49,0
Bmp,2020-10-31,0,2,1,2,0,21,0,0,6,8,0,0,70,0
Bmp,2020-11-30,0,2,2,2,0,19,0,0,5,12,0,0,70,0
Bmp,2020-12-31,0,0,2,0,0,18,0,0,9,10,2,0,64,0
Bmp,2021-01-31,0,0,2,1,0,5,0,0,7,12,1,0,48,0
Bmp,2021-02-28,0,1,2,0,0,5,0,0,3,5,0,0,50,0
Bmp,2021-03-31,0,1,2,3,0,8,0,0,5,5,1,0,71,0
Bmp,2021-04-30,0,2,0,0,0,13,0,0,2,12,1,0,76,0
Bmp,2021-05-31,1,0,0,2,0,12,1,0,6,6,3,0,70,0
Bmp,2021-06-30,0,1,0,2,0,12,1,0,4,14,2,0,90,0
Bmp,2021-07-31,0,0,0,2,0,11,0,0,5,8,2,0,72,0
Bmp,2021-08-31,0,0,1,1,0,19,0,1,4,16,0,0,93,0
Bmp,2021-09-30,0,0,0,0,0,11,0,0,6,8,1,0,90,0
Bmp,2021-10-31,0,0,2,4,0,10,0,0,9,10,0,0,92,0
Bmp,2021-11-30,0,0,0,1,0,14,0,0,2,5,1,0,81,0
Bmp,2021-12-31,0,0,1,0,0,9,0,0,4,7,0,0,85,0
Bmp,2022-01-31,1,0,3,1,0,9,1,2,6,9,2,1,100,0
Bmp,2022-02-28,0,0,1,0,0,13,0,0,7,15,0,0,82,0
Bmp,2022-03-31,0,0,0,1,0,18,1,0,5,10,1,0,108,0
Bmp,2022-04-30,0,0,2,0,0,11,0,4,5,9,1,0,92,0
Bmp,2022-05-31,0,1,0,1,0,15,0,0,4,7,1,0,96,0
Bmp,2022-06-30,0,1,0,1,0,17,0,0,2,9,0,0,77,0
Bmp,2022-07-31,0,1,2,1,0,17,0,0,4,3,1,0,82,0
Bmp,2022-08-31,0,2,2,0,0,15,0,0,3,10,0,0,77,0
Bmp,2022-09-30,2,0,1,0,0,15,0,1,5,9,0,0,72,0
Bmp,2022-10-31,0,0,2,1,0,18,0,1,6,8,0,0,80,0
Bmp,2022-11-30,1,0,1,2,0,11,0,0,3,9,0,0,88,0
Bmp,2022-12-31,0,0,0,1,0,7,1,0,4,8,1,1,79,0
Bmp,2023-01-31,1,0,0,0,0,15,0,1,5,13,0,0,74,0
Bmp,2023-02-28,1,0,2,0,0,16,1,0,5,2,0,0,69,0
Bmp,2023-03-31,0,3,1,2,0,13,0,0,4,7,1,0,74,1
Bmp,2023-04-30,0,0,3,0,0,15,0,0,4,5,0,0,68,0
Bmp,2023-05-31,1,0,1,1,0,21,0,0,5,7,0,0,66,0
Bmp,2023-06-30,0,0,2,1,0,11,0,0,5,5,0,0,53,0
Bmp,2023-07-31,0,1,3,2,0,22,0,0,3,5,0,0,86,0
Bmp,2023-08-31,1,0,2,0,0,17,0,0,6,5,0,1,78,0
Bmp,2023-09-30,0,1,0,3,0,15,0,0,7,7,0,1,94,0
Bmp,2023-10-31,0,0,0,1,0,16,0,0,2,6,1,0,71,0
Bmp,2023-11-30,0,1,1,1,1,19,0,0,1,2,0,1,58,0
Bmp,2023-12-31,0,0,1,1,0,17,0,0,3,8,0,0,42,0
Bmp,2024-01-31,0,2,1,6,0,12,1,1,2,5,1,0,48,0
Bmp,2024-02-29,0,0,0,3,0,10,1,1,6,10,0,0,46,2
Bmp,2024-03-31,0,0,0,4,0,11,0,1,5,6,0,0,53,1
Bmp,2024-04-30,0,2,2,2,0,23,0,2,7,10,0,0,45,0
Bmp,2024-05-31,0,0,2,0,0,17,1,0,5,4,0,0,50,0
Bmp,2024-06-30,0,0,1,0,0,12,0,0,7,11,1,0,45,0
Bmp,2024-07-31,0,0,2,1,0,19,0,5,5,8,0,2,55,0
Bmp,2024-08-31,0,0,5,0,0,10,0,0,6,3,0,0,15,0
Bmp,2024-09-30,0,1,1,0,1,16,1,0,10,8,0,0,15,0
Bmp,2024-10-31,1,1,0,0,1,19,0,0,5,1,0,1,26,0
Bmp,2024-11-30,0,0,0,0,0,14,2,0,4,7,1,1,36,0
Bmp,2024-12-31,1,1,1,0,0,11,2,0,3,8,0,0,33,0
Bmp,2025-01-31,0,0,3,0,1,14,0,1,10,8,0,0,45,0
Bmp,2025-02-28,1,0,2,0,0,17,0,0,4,5,0,0,24,0
Bmp,2025-03-31,0,1,3,1,1,19,3,2,3,4,1,4,48,0
Bmp,2025-04-30,0,1,3,1,0,27,0,1,2,4,1,0,37,0
Bmp,2025-05-31,1,0,4,1,1,27,1,1,5,14,0,0,37,0
Bmp,2025-06-30,0,2,2,0,1,15,1,1,2,5,0,0,38,0
Chittagong Range,2019-01-31,4,11,74,4,0,147,6,10,25,51,54,0,1108,10
Chittagong Range,2019-02-28,8,3,55,12,0,149,10,4,34,57,52,0,1444,5
Chittagong Range,2019-03-31,4,5,69,6,0,166,4,10,29,54,56,1,1161,10
Chittagong Range,2019-04-30,5,6,65,11,0,274,8,13,29,64,72,1,1298,6
Chittagong Range,2019-05-31,9,9,75,0,0,295,9,7,24,81,82,0,1303,7
Chittagong Range,2019-06-30,5,0,87,2,0,295,7,12,27,83,71,0,1173,6
Chittagong Range,2019-07-31,11,13,62,2,0,262,6,6,51,69,68,0,1195,8
Chittagong Range,2019-08-31,11,5,72,9,0,221,7,10,6,66,69,1,1213,7
Chittagong Range,2019-09-30,11,9,58,8,0,290,14,7,44,90,78,2,1284,11
Chittagong Range,2019-10-31,12,13,59,10,0,274,8,6,0,97,69,2,1075,10
Chittagong Range,2019-11-30,7,14,51,9,0,267,6,8,25,82,47,1,1058,6
Chittagong Range,2019-12-31,4,7,50,8,0,220,4,5,35,73,58,2,984,18
Chittagong Range,2020-01-31,9,12,65,11,0,190,3,6,42,91,50,4,1162,7
Chittagong Range,2020-02-29,10,16,48,7,0,239,10,5,35,89,48,2,1077,14
Chittagong Range,2020-03-31,8,9,62,11,0,230,5,11,32,65,53,0,976,14
Chittagong Range,2020-04-30,2,5,55,7,0,108,1,9,17,37,24,1,321,0
Chittagong Range,2020-05-31,2,10,97,9,0,143,4,12,21,58,51,1,613,2
Chittagong Range,2020-06-30,4,7,54,9,0,215,7,3,35,62,44,1,636,9
Chittagong Range,2020-07-31,6,12,90,11,0,241,9,7,39,96,88,0,1303,11
Chittagong Range,2020-08-31,6,10,58,10,0,233,9,5,53,85,14,1,748,13
Chittagong Range,2020-09-30,6,18,54,8,0,260,5,3,55,105,16,2,765,8
Chittagong Range,2020-10-31,13,20,59,7,0,481,17,10,47,110,38,3,810,15
Chittagong Range,2020-11-30,10,13,47,4,4,297,12,1,30,112,28,3,815,12
Chittagong Range,2020-12-31,7,12,38,14,2,251,11,6,40,110,20,3,884,12
Chittagong Range,2021-01-31,9,9,46,10,0,189,9,10,34,94,23,6,920,5
Chittagong Range,2021-02-28,4,11,43,8,0,198,8,7,33,91,33,7,891,11
Chittagong Range,2021-03-31,7,12,54,17,0,259,9,21,24,98,34,5,1118,13
Chittagong Range,2021-04-30,2,6,56,11,0,209,6,12,19,67,30,2,845,13
Chittagong Range,2021-05-31,3,14,54,22,0,250,6,11,36,91,35,1,1021,8
Chittagong Range,2021-06-30,6,14,46,13,0,294,12,6,27,108,28,0,1205,22
Chittagong Range,2021-07-31,5,10,45,12,0,225,6,7,43,98,36,6,1040,11
Chittagong Range,2021-08-31,5,16,58,10,0,245,8,7,49,95,50,2,1314,23
Chittagong Range,2021-09-30,3,8,56,6,0,266,12,9,42,109,39,4,1345,15
Chittagong Range,2021-10-31,6,10,43,4,0,265,5,21,32,105,33,2,945,8
Chittagong Range,2021-11-30,4,10,48,10,3,214,6,13,37,80,58,4,988,14
Chittagong Range,2021-12-31,4,6,37,5,0,209,2,7,25,74,60,2,957,19
Chittagong Range,2022-01-31,5,14,50,5,0,187,4,7,32,94,50,2,1115,24
Chittagong Range,2022-02-28,1,9,44,8,0,160,5,14,22,80,63,3,1136,12
Chittagong Range,2022-03-31,6,14,37,6,0,231,6,7,28,108,49,3,1293,29
Chittagong Range,2022-04-30,2,16,55,9,0,181,7,7,26,103,78,1,1212,22
Chittagong Range,2022-05-31,4,9,41,8,0,213,5,10,31,86,61,0,1077,17
Chittagong Range,2022-06-30,5,12,38,0,0,237,7,6,34,103,38,1,1172,20
Chittagong Range,2022-07-31,5,15,40,12,0,246,4,9,42,101,49,0,1087,29
Chittagong Range,2022-08-31,8,14,47,14,1,255,5,14,34,93,40,6,1094,39
Chittagong Range,2022-09-30,11,21,55,15,2,230,10,11,40,107,36,3,1105,49
Chittagong Range,2022-10-31,16,20,38,9,0,214,9,12,42,88,26,2,988,40
Chittagong Range,2022-11-30,6,14,38,13,0,177,8,6,27,66,30,5,1077,45
Chittagong Range,2022-12-31,3,13,38,8,0,155,6,15,28,82,33,8,1001,40
Chittagong Range,2023-01-31,6,16,43,5,0,134,6,8,36,100,37,2,1082,50
Chittagong Range,2023-02-28,3,12,45,10,0,142,3,9,32,96,36,2,920,26
Chittagong Range,2023-03-31,4,21,54,10,0,170,11,6,24,63,38,1,1081,55
Chittagong Range,2023-04-30,4,18,56,6,0,165,3,8,31,77,49,1,908,36
Chittagong Range,2023-05-31,6,19,42,7,0,214,12,12,34,89,45,1,1052,37
Chittagong Range,2023-06-30,2,16,60,7,0,184,9,9,32,94,36,3,975,32
Chittagong Range,2023-07-31,7,15,63,6,0,202,7,9,48,96,34,15,1079,27
Chittagong Range,2023-08-31,3,22,50,1,0,173,9,15,39,102,39,0,1059,25
Chittagong Range,2023-09-30,3,15,52,6,0,185,9,7,30,107,49,2,1007,40
Chittagong Range,2023-10-31,1,23,50,1,2,160,10,27,44,114,47,18,882,29
Chittagong Range,2023-11-30,3,14,54,7,0,125,8,17,34,84,50,41,707,25
Chittagong Range,2023-12-31,6,21,53,5,0,166,4,5,38,93,61,8,873,26
Chittagong Range,2024-01-31,5,16,34,9,0,128,9,10,27,115,52,8,795,26
Chittagong Range,2024-02-29,5,15,52,9,0,156,5,5,26,121,47,1,791,21
Chittagong Range,2024-03-31,6,30,33,8,4,151,11,5,29,122,50,2,775,29
Chittagong Range,2024-04-30,10,24,54,4,3,194,13,13,34,128,49,0,623,13
Chittagong Range,2024-05-31,4,14,53,13,0,181,4,6,28,88,45,0,665,31
Chittagong Range,2024-06-30,8,22,57,9,0,193,5,9,45,82,34,1,661,20
Chittagong Range,2024-07-31,3,21,53,11,0,180,5,24,45,85,40,14,646,27
Chittagong Range,2024-08-31,4,17,73,5,6,81,3,5,25,47,25,13,197,12
Chittagong Range,2024-09-30,5,21,45,12,4,168,8,4,32,88,67,8,418,20
Chittagong Range,2024-10-31,14,30,52,7,2,192,7,3,52,101,43,26,606,30
Chittagong Range,2024-11-30,9,27,32,15,0,174,5,9,37,90,40,10,718,31
Chittagong Range,2024-12-31,16,26,32,10,0,159,13,9,39,102,25,2,685,22
Chittagong Range,2025-01-31,8,27,51,11,0,191,16,5,50,92,45,4,703,26
Chittagong Range,2025-02-28,13,14,50,11,0,171,10,5,43,75,32,4,601,25
Chittagong Range,2025-03-31,2,7,22,5,0,132,2,2,9,39,0,1,223,67
Chittagong Range,2025-04-30,8,19,66,15,2,278,15,7,39,98,48,2,704,27
Chittagong Range,2025-05-31,12,20,55,8,1,242,9,11,53,85,51,0,766,41
Chittagong Range,2025-06-30,8,13,53,11,1,246,10,9,43,98,41,2,718,31
Cmp,2019-01-31,0,3,9,5,0,22,0,5,6,15,38,0,449,0
Cmp,2019-02-28,0,3,5,9,0,31,2,2,9,11,33,0,379,1
Cmp,2019-03-31,0,4,7,8,0,32,2,2,7,17,32,0,446,6
Cmp,2019-04-30,0,9,15,6,0,50,0,5,8,16,60,0,478,8
Cmp,2019-05-31,0,13,9,0,0,46,1,7,6,20,111,0,548,5
Cmp,2019-06-30,0,8,6,1,0,51,3,5,7,16,68,0,414,4
Cmp,2019-07-31,0,7,4,0,0,73,0,0,13,21,62,0,450,3
Cmp,2019-08-31,1,7,5,7,0,68,0,4,16,20,67,0,400,1
Cmp,2019-09-30,0,10,6,4,0,80,1,3,13,15,65,0,441,2
Cmp,2019-10-31,0,9,8,11,0,97,3,0,11,15,53,2,432,3
Cmp,2019-11-30,0,5,3,9,0,94,0,2,8,20,51,1,421,4
Cmp,2019-12-31,0,6,0,7,0,50,1,0,16,12,54,2,373,4
Cmp,2020-01-31,0,5,5,5,0,61,3,1,12,26,46,0,135,4
Cmp,2020-02-29,0,5,2,7,0,64,0,2,13,13,31,3,396,3
Cmp,2020-03-31,0,6,3,7,0,64,1,1,9,13,32,0,344,3
Cmp,2020-04-30,0,4,9,3,0,16,0,0,4,10,16,0,51,1
Cmp,2020-05-31,0,3,6,3,0,23,0,0,11,20,12,0,51,2
Cmp,2020-06-30,1,5,8,10,0,33,0,2,3,7,23,0,133,1
Cmp,2020-07-31,0,8,8,8,0,69,0,2,9,25,59,2,303,4
Cmp,2020-08-31,0,4,3,10,0,105,0,1,13,13,20,0,149,2
Cmp,2020-09-30,0,10,5,9,0,73,0,3,16,25,39,1,220,2
Cmp,2020-10-31,0,19,12,19,0,115,4,1,12,21,46,1,293,3
Cmp,2020-11-30,1,7,8,16,0,96,3,2,13,23,49,0,256,5
Cmp,2020-12-31,0,5,8,10,0,78,2,2,8,20,37,1,268,5
Cmp,2021-01-31,0,3,9,11,0,77,0,7,8,17,11,35,240,4
Cmp,2021-02-28,0,4,3,12,0,55,3,5,12,26,46,2,270,2
Cmp,2021-03-31,1,6,8,17,0,77,4,3,15,22,54,3,334,1
Cmp,2021-04-30,0,4,9,14,0,51,2,2,11,22,68,0,181,1
Cmp,2021-05-31,1,4,2,18,0,54,5,1,17,21,47,0,209,0
Cmp,2021-06-30,0,6,4,13,0,87,3,3,15,25,52,0,254,7
Cmp,2021-07-31,0,5,9,13,0,57,0,0,15,29,40,0,107,3
Cmp,2021-08-31,0,7,5,15,1,66,1,1,21,35,37,0,184,1
Cmp,2021-09-30,1,10,3,11,0,70,0,0,25,26,48,0,213,1
Cmp,2021-10-31,0,8,2,2,0,102,4,1,12,23,15,0,169,1
Cmp,2021-11-30,0,10,8,11,0,74,1,0,18,24,23,0,258,2
Cmp,2021-12-31,1,9,4,9,0,80,2,1,12,31,14,0,201,3
Cmp,2022-01-31,2,3,2,13,0,53,1,4,9,36,13,1,221,0
Cmp,2022-02-28,2,7,4,10,0,46,0,0,18,25,20,0,167,1
Cmp,2022-03-31,0,3,1,13,0,69,1,1,9,29,18,1,156,2
Cmp,2022-04-30,0,11,4,12,0,75,3,3,21,48,18,0,175,1
Cmp,2022-05-31,0,9,6,17,0,76,3,2,19,28,18,0,144,3
Cmp,2022-06-30,0,11,7,12,0,66,2,1,11,29,15,0,142,3
Cmp,2022-07-31,0,6,7,12,0,51,4,0,10,28,11,0,137,5
Cmp,2022-08-31,0,6,7,16,0,70,1,3,13,24,6,0,210,5
Cmp,2022-09-30,1,8,6,9,0,69,1,2,16,26,6,0,182,1
Cmp,2022-10-31,0,5,5,4,0,56,6,2,13,32,3,0,182,2
Cmp,2022-11-30,1,5,7,2,0,42,3,1,20,36,2,0,213,5
Cmp,2022-12-31,0,5,4,3,0,28,1,2,13,36,4,1,173,4
Cmp,2023-01-31,1,10,5,2,0,29,3,6,11,29,1,2,233,2
Cmp,2023-02-28,0,4,6,7,0,39,1,3,5,23,0,1,235,2
Cmp,2023-03-31,0,12,4,12,0,57,3,0,13,35,4,0,226,3
Cmp,2023-04-30,0,10,5,12,0,50,4,0,15,36,2,1,208,5
Cmp,2023-05-31,1,12,4,8,0,56,2,3,11,41,4,0,227,4
Cmp,2023-06-30,0,9,5,8,0,40,1,0,15,36,2,0,202,6
Cmp,2023-07-31,1,12,2,6,0,53,6,2,13,20,1,0,196,2
Cmp,2023-08-31,0,10,2,9,0,49,3,3,21,48,5,0,229,6
Cmp,2023-09-30,0,12,6,11,0,33,4,1,15,37,2,0,199,4
Cmp,2023-10-31,0,2,1,3,0,41,2,2,14,29,3,1,207,1
Cmp,2023-11-30,0,2,6,3,0,42,3,3,8,29,2,1,177,0
Cmp,2023-12-31,0,10,7,5,0,24,0,2,10,44,4,1,248,1
Cmp,2024-01-31,0,5,5,6,1,30,4,0,15,31,4,0,191,2
Cmp,2024-02-29,2,11,4,13,0,35,3,2,15,31,5,0,228,3
Cmp,2024-03-31,0,11,6,8,0,33,4,2,13,34,5,0,164,9
Cmp,2024-04-30,0,12,9,4,0,37,4,3,12,37,1,0,132,10
Cmp,2024-05-31,1,7,7,2,0,57,4,1,18,29,1,1,179,5
Cmp,2024-06-30,0,8,8,9,1,31,1,0,8,29,1,0,152,2
Cmp,2024-07-31,1,9,10,2,5,35,2,2,11,27,1,2,109,0
Cmp,2024-08-31,0,3,20,3,5,20,2,8,9,18,0,1,33,0
Cmp,2024-09-30,2,6,9,6,0,36,3,4,11,27,1,0,59,2
Cmp,2024-10-31,1,10,6,8,0,35,5,5,10,24,1,0,75,0
Cmp,2024-11-30,2,10,2,7,0,25,5,12,16,36,8,1,112,2
Cmp,2024-12-31,2,6,4,8,0,25,3,1,11,26,3,0,121,4
Cmp,2025-01-31,2,7,3,7,0,26,5,4,12,28,3,0,152,2
Cmp,2025-02-28,1,10,3,5,0,23,5,4,11,22,4,0,101,1
Cmp,2025-03-31,0,8,8,4,0,17,8,4,8,17,6,1,140,2
Cmp,2025-04-30,0,3,0,8,0,51,3,3,16,27,5,0,120,5
Cmp,2025-05-31,0,8,6,14,0,47,0,4,8,30,5,0,130,6
Cmp,2025-06-30,0,7,7,9,0,34,3,1,15,36,5,0,133,0
Dhaka Range,2019-01-31,7,11,75,10,0,216,12,13,28,70,18,3,1731,6
Dhaka Range,2019-02-28,5,7,53,4,0,193,9,7,21,79,10,1,1647,7
Dhaka Range,2019-03-31,1,8,60,7,0,201,9,11,22,74,10,5,1609,7
Dhaka Range,2019-04-30,10,15,65,2,0,322,16,8,28,85,13,1,1888,5
Dhaka Range,2019-05-31,4,12,63,0,0,331,7,15,31,88,16,5,1863,6
Dhaka Range,2019-06-30,10,17,66,0,0,315,8,11,34,97,13,1,1350,9
Dhaka Range,2019-07-31,10,13,77,3,0,338,11,4,29,93,7,1,1577,5
Dhaka Range,2019-08-31,3,12,75,5,0,279,47,6,36,84,15,2,1441,2
Dhaka Range,2019-09-30,9,10,54,6,0,330,11,6,40,119,18,1,1471,10
Dhaka Range,2019-10-31,9,17,75,7,0,339,13,9,35,101,20,3,1326,7
Dhaka Range,2019-11-30,6,16,47,6,0,302,0,7,31,83,22,2,1245,10
Dhaka Range,2019-12-31,11,16,60,6,0,266,6,5,28,87,14,2,1111,10
Dhaka Range,2020-01-31,16,18,41,10,0,253,5,5,39,95,13,1,1183,8
Dhaka Range,2020-02-29,4,14,54,8,0,263,11,4,24,74,15,1,1186,8
Dhaka Range,2020-03-31,3,18,49,9,0,265,10,4,25,80,5,1,1009,1
Dhaka Range,2020-04-30,5,7,51,4,0,128,2,11,11,40,8,2,190,3
Dhaka Range,2020-05-31,5,12,54,4,0,158,6,16,27,66,4,3,331,0
Dhaka Range,2020-06-30,13,13,64,18,0,269,16,10,31,73,14,4,646,5
Dhaka Range,2020-07-31,7,18,70,15,0,268,13,12,31,104,10,2,1015,10
Dhaka Range,2020-08-31,12,17,76,11,1,318,11,4,32,59,15,4,712,12
Dhaka Range,2020-09-30,13,17,65,14,0,370,14,4,33,112,17,2,747,2
Dhaka Range,2020-10-31,12,23,63,17,0,470,13,10,45,107,16,2,683,6
Dhaka Range,2020-11-30,13,19,63,16,0,358,12,9,34,100,16,2,827,5
Dhaka Range,2020-12-31,6,22,54,19,0,278,11,8,51,91,5,2,683,7
Dhaka Range,2021-01-31,12,19,51,7,0,279,10,6,45,132,10,5,643,6
Dhaka Range,2021-02-28,14,17,54,10,0,277,8,6,37,116,14,2,846,3
Dhaka Range,2021-03-31,7,28,90,13,0,332,6,17,46,107,9,2,799,3
Dhaka Range,2021-04-30,6,23,65,13,5,301,7,9,26,118,13,7,592,3
Dhaka Range,2021-05-31,8,19,54,13,0,304,12,8,30,98,21,5,683,3
Dhaka Range,2021-06-30,20,13,58,9,2,363,13,11,40,112,25,2,1018,4
Dhaka Range,2021-07-31,7,14,59,20,0,288,4,5,45,100,29,1,678,2
Dhaka Range,2021-08-31,9,16,59,22,1,332,6,5,50,115,25,4,843,3
Dhaka Range,2021-09-30,9,27,47,13,0,319,6,13,30,151,27,1,816,7
Dhaka Range,2021-10-31,8,28,60,18,1,299,1,13,35,123,20,1,690,7
Dhaka Range,2021-11-30,7,18,63,11,1,251,5,20,25,98,41,11,667,2
Dhaka Range,2021-12-31,8,18,48,13,0,214,8,11,32,114,21,6,610,1
Dhaka Range,2022-01-31,14,18,76,16,0,209,7,12,40,119,24,6,761,4
Dhaka Range,2022-02-28,15,22,56,12,0,250,7,10,38,125,15,5,861,0
Dhaka Range,2022-03-31,17,25,57,24,0,312,8,17,51,160,14,9,834,3
Dhaka Range,2022-04-30,11,26,56,48,0,347,7,10,46,145,15,5,752,2
Dhaka Range,2022-05-31,13,24,65,28,0,333,9,7,32,102,18,4,855,3
Dhaka Range,2022-06-30,16,20,60,30,0,323,11,10,48,153,20,2,838,0
Dhaka Range,2022-07-31,14,31,74,15,0,296,5,8,47,133,11,5,751,2
Dhaka Range,2022-08-31,13,31,59,17,0,337,15,8,64,143,22,5,856,4
Dhaka Range,2022-09-30,15,31,67,32,0,310,7,5,46,128,13,6,902,5
Dhaka Range,2022-10-31,9,24,77,33,0,320,12,9,41,126,14,2,919,3
Dhaka Range,2022-11-30,7,30,64,22,0,260,4,14,43,105,17,24,944,4
Dhaka Range,2022-12-31,10,26,51,17,1,182,3,8,27,135,8,29,957,4
Dhaka Range,2023-01-31,12,25,48,21,0,221,5,9,30,117,17,0,961,8
Dhaka Range,2023-02-28,9,21,45,17,0,235,5,13,29,115,13,3,935,3
Dhaka Range,2023-03-31,12,22,54,18,0,293,2,9,38,118,24,0,1041,3
Dhaka Range,2023-04-30,6,35,68,27,0,276,4,7,23,113,22,1,949,5
Dhaka Range,2023-05-31,13,17,67,16,0,366,10,11,34,99,26,2,1122,1
Dhaka Range,2023-06-30,11,24,54,22,0,334,10,5,35,136,10,0,970,6
Dhaka Range,2023-07-31,15,15,58,20,0,318,3,10,41,126,14,3,1063,1
Dhaka Range,2023-08-31,8,20,55,19,0,298,4,5,42,117,10,5,1124,3
Dhaka Range,2023-09-30,12,19,54,26,0,275,8,8,39,112,7,8,1016,8
Dhaka Range,2023-10-31,7,28,54,19,0,221,5,12,47,113,9,34,812,0
Dhaka Range,2023-11-30,14,19,51,26,0,258,10,15,34,93,8,23,666,6
Dhaka Range,2023-12-31,11,18,62,17,0,196,4,11,37,91,7,5,801,4
Dhaka Range,2024-01-31,13,29,59,7,0,194,6,10,38,93,10,3,824,1
Dhaka Range,2024-02-29,9,27,54,23,0,252,10,9,32,115,12,0,1002,5
Dhaka Range,2024-03-31,11,32,60,23,2,247,3,8,39,108,12,10,1007,1
Dhaka Range,2024-04-30,13,18,75,24,0,281,9,18,25,103,6,4,826,2
Dhaka Range,2024-05-31,11,29,51,19,0,323,7,7,39,88,12,5,887,7
Dhaka Range,2024-06-30,16,17,59,15,0,278,4,9,39,91,13,2,804,3
Dhaka Range,2024-07-31,13,20,61,12,0,286,6,38,40,81,12,8,765,3
Dhaka Range,2024-08-31,15,7,148,10,0,185,1,4,32,51,3,4,114,0
Dhaka Range,2024-09-30,17,22,73,21,0,253,6,6,45,82,8,24,207,0
Dhaka Range,2024-10-31,21,27,62,6,0,225,17,8,49,93,11,4,444,0
Dhaka Range,2024-11-30,16,23,56,8,0,217,9,4,44,86,20,6,641,4
Dhaka Range,2024-12-31,23,22,45,9,0,187,8,9,42,93,17,6,636,4
Dhaka Range,2025-01-31,24,31,76,4,0,229,16,5,44,106,15,8,725,3
Dhaka Range,2025-02-28,25,25,66,8,0,229,10,7,37,111,13,0,563,1
Dhaka Range,2025-03-31,1,5,5,2,0,41,0,1,4,13,2,1,74,1
Dhaka Range,2025-04-30,11,28,74,6,0,345,19,12,52,96,18,7,674,0
Dhaka Range,2025-05-31,2,9,70,9,0,375,15,16,45,121,48,6,753,2
Dhaka Range,2025-06-30,22,37,82,9,0,318,17,8,50,104,36,3,711,5
Dmp,2019-01-31,1,10,19,10,0,118,9,6,49,127,6,3,1370,14
Dmp,2019-02-28,1,8,16,10,0,148,4,5,42,126,10,0,1252,8
Dmp,2019-03-31,0,7,12,19,0,172,10,3,51,132,15,1,1564,13
Dmp,2019-04-30,0,10,12,13,0,216,14,8,38,107,12,3,1603,9
Dmp,2019-05-31,2,16,16,5,0,211,9,8,63,122,11,3,1524,8
Dmp,2019-06-30,2,7,19,0,0,234,6,9,56,108,8,3,1121,7
Dmp,2019-07-31,0,18,33,2,0,205,7,13,69,139,14,4,1627,11
Dmp,2019-08-31,2,16,14,6,0,205,8,5,58,98,6,0,1371,6
Dmp,2019-09-30,3,17,11,0,0,258,13,3,70,143,11,0,1496,15
Dmp,2019-10-31,0,11,19,7,0,247,6,3,64,163,21,4,1192,8
Dmp,2019-11-30,0,22,20,4,0,210,4,4,60,141,12,2,1355,15
Dmp,2019-12-31,2,13,17,12,0,176,8,6,74,111,7,6,1395,3
Dmp,2020-01-31,2,19,21,5,2,172,4,3,65,138,13,3,1323,8
Dmp,2020-02-29,0,15,21,10,1,194,1,4,74,113,12,1,1205,12
Dmp,2020-03-31,3,13,17,13,0,187,7,6,49,110,15,0,1129,8
Dmp,2020-04-30,1,5,8,6,0,47,0,1,21,22,2,0,120,0
Dmp,2020-05-31,2,8,13,6,0,68,1,3,31,43,8,0,161,2
Dmp,2020-06-30,2,13,19,7,0,185,3,5,45,92,11,0,465,2
Dmp,2020-07-31,1,22,27,10,0,216,2,6,55,122,16,2,1418,3
Dmp,2020-08-31,1,13,20,10,0,222,4,2,65,89,8,1,978,5
Dmp,2020-09-30,2,26,22,9,0,214,8,4,60,126,11,2,1438,6
Dmp,2020-10-31,0,18,22,12,0,297,3,12,61,125,15,4,1429,4
Dmp,2020-11-30,2,10,18,9,0,225,4,7,72,123,6,8,1450,11
Dmp,2020-12-31,4,14,0,8,0,171,7,1,60,114,7,10,1503,11
Dmp,2021-01-31,3,15,18,12,0,185,7,7,68,128,4,5,1532,17
Dmp,2021-02-28,0,8,12,5,0,171,4,11,55,101,7,3,1224,15
Dmp,2021-03-31,3,8,7,6,0,223,8,14,50,115,8,5,1303,8
Dmp,2021-04-30,0,13,18,3,3,177,2,8,50,95,8,2,947,8
Dmp,2021-05-31,4,17,19,11,0,172,1,5,52,116,17,5,1064,12
Dmp,2021-06-30,4,15,10,13,0,213,3,4,58,105,8,3,1373,9
Dmp,2021-07-31,1,7,8,7,0,190,2,2,44,98,12,5,970,7
Dmp,2021-08-31,1,13,13,4,0,171,1,4,74,124,8,5,1384,24
Dmp,2021-09-30,1,12,19,4,0,221,6,0,44,105,9,7,1438,13
Dmp,2021-10-31,4,13,17,7,0,215,5,6,46,110,10,5,1472,16
Dmp,2021-11-30,1,12,11,11,0,134,5,6,41,126,10,10,1981,19
Dmp,2021-12-31,0,11,14,6,0,146,5,1,61,120,16,20,1525,21
Dmp,2022-01-31,3,10,9,12,0,170,5,5,49,112,7,7,1640,9
Dmp,2022-02-28,4,16,12,14,0,141,2,6,49,135,12,5,1549,19
Dmp,2022-03-31,1,16,17,13,0,199,3,12,60,146,7,10,1465,17
Dmp,2022-04-30,3,8,16,13,0,184,5,9,68,151,9,6,1217,29
Dmp,2022-05-31,0,11,11,9,1,186,3,8,68,133,4,7,1411,10
Dmp,2022-06-30,3,10,21,7,0,199,4,15,63,131,6,5,1342,23
Dmp,2022-07-31,4,13,13,12,0,174,3,3,70,121,5,5,1190,5
Dmp,2022-08-31,2,10,17,20,0,181,6,4,73,151,3,7,1448,17
Dmp,2022-09-30,4,15,18,14,4,173,2,4,61,175,6,7,1241,13
Dmp,2022-10-31,0,9,13,31,0,158,6,7,51,119,14,5,1240,11
Dmp,2022-11-30,2,13,14,10,3,142,3,5,51,134,3,19,1331,9
Dmp,2022-12-31,1,14,11,10,0,105,7,10,50,95,3,34,961,7
Dmp,2023-01-31,0,19,9,23,0,122,4,4,42,122,7,12,1303,10
Dmp,2023-02-28,2,15,18,9,0,126,2,6,46,108,10,10,1139,8
Dmp,2023-03-31,4,14,12,12,0,146,2,7,34,126,8,8,1233,13
Dmp,2023-04-30,4,13,12,11,0,133,9,5,54,130,2,6,969,13
Dmp,2023-05-31,4,11,9,15,3,158,6,6,45,124,4,11,1155,9
Dmp,2023-06-30,4,25,24,16,0,136,7,8,36,134,3,3,1066,6
Dmp,2023-07-31,6,12,19,33,2,134,2,12,48,103,5,10,1143,9
Dmp,2023-08-31,1,13,10,18,0,157,8,9,53,153,3,0,1184,14
Dmp,2023-09-30,0,20,12,9,2,141,3,5,53,124,5,5,1141,16
Dmp,2023-10-31,3,20,19,8,7,128,6,11,38,136,6,17,844,13
Dmp,2023-11-30,2,14,17,19,5,118,2,5,56,121,2,26,661,11
Dmp,2023-12-31,4,23,4,16,0,103,10,5,42,130,3,19,951,13
Dmp,2024-01-31,1,25,11,18,0,110,8,5,63,141,5,6,865,9
Dmp,2024-02-29,2,26,4,21,0,114,9,4,51,134,5,1,800,22
Dmp,2024-03-31,0,28,18,28,0,127,7,2,53,163,8,1,835,22
Dmp,2024-04-30,3,15,14,24,0,149,4,4,69,140,4,2,623,6
Dmp,2024-05-31,2,19,16,23,0,172,7,10,65,194,2,5,738,19
Dmp,2024-06-30,3,16,13,26,0,147,3,1,80,191,4,1,568,7
Dmp,2024-07-31,3,15,59,16,46,109,1,44,32,134,7,26,415,8
Dmp,2024-08-31,4,4,119,10,4,51,11,2,15,43,2,0,79,5
Dmp,2024-09-30,5,14,28,8,12,110,22,3,33,75,11,0,176,11
Dmp,2024-10-31,6,20,20,23,2,125,26,6,47,97,15,0,358,13
Dmp,2024-11-30,2,27,13,15,10,115,17,6,39,125,6,0,421,12
Dmp,2024-12-31,9,39,24,19,9,131,17,8,60,131,9,9,529,7
Dmp,2025-01-31,8,54,36,24,7,127,31,10,60,146,12,5,583,9
Dmp,2025-02-28,6,46,38,18,9,142,18,7,36,117,8,1,474,8
Dmp,2025-03-31,3,38,33,12,15,162,19,23,43,137,20,2,538,10
Dmp,2025-04-30,7,37,29,12,1,191,19,7,48,118,5,6,503,24
Dmp,2025-05-31,5,40,32,12,6,183,25,9,50,128,44,2,546,21
Dmp,2025-06-30,4,32,49,8,4,168,20,6,55,90,45,4,505,10
Gmp,2019-01-31,2,3,3,1,0,22,1,2,2,8,3,0,130,2
Gmp,2019-02-28,0,4,3,0,0,16,0,0,0,6,10,0,175,3
Gmp,2019-03-31,1,3,7,1,0,22,2,0,0,15,17,0,216,5
Gmp,2019-04-30,0,0,7,0,0,24,1,2,2,16,8,0,167,3
Gmp,2019-05-31,0,5,5,0,0,31,3,3,4,19,5,0,128,1
Gmp,2019-06-30,0,4,5,3,0,25,5,0,1,12,3,0,211,5
Gmp,2019-07-31,2,3,8,0,0,36,2,3,2,13,3,0,243,1
Gmp,2019-08-31,0,3,7,0,0,35,1,0,0,11,7,1,218,3
Gmp,2019-09-30,1,2,5,0,0,49,4,1,0,13,4,0,215,0
Gmp,2019-10-31,2,6,4,2,0,37,0,0,1,15,5,1,203,2
Gmp,2019-11-30,0,2,6,0,0,39,3,0,3,11,7,0,155,2
Gmp,2019-12-31,3,3,5,0,0,36,3,0,2,13,1,0,212,1
Gmp,2020-01-31,0,4,4,0,0,33,1,0,0,11,2,0,192,0
Gmp,2020-02-29,0,2,3,1,0,48,3,1,2,14,6,0,165,1
Gmp,2020-03-31,3,3,5,1,0,42,4,3,3,13,2,0,125,0
Gmp,2020-04-30,0,1,3,1,0,11,0,0,2,7,1,0,22,1
Gmp,2020-05-31,1,5,8,2,0,11,2,1,2,9,3,0,34,0
Gmp,2020-06-30,3,1,7,6,0,38,2,1,3,11,3,0,45,0
Gmp,2020-07-31,2,1,5,2,0,38,2,1,3,8,4,0,136,0
Gmp,2020-08-31,0,1,6,3,0,57,5,0,5,16,2,0,118,0
Gmp,2020-09-30,1,3,5,3,0,58,4,0,7,15,1,1,93,3
Gmp,2020-10-31,1,5,7,2,0,55,0,0,8,75,0,72,1,75
Gmp,2020-11-30,1,2,3,0,0,41,6,0,4,8,0,0,76,0
Gmp,2020-12-31,1,1,10,1,0,24,13,2,8,7,0,0,110,1
Gmp,2021-01-31,0,6,2,3,0,28,5,0,7,8,5,0,100,0
Gmp,2021-02-28,3,3,8,3,0,32,4,0,4,16,2,1,72,0
Gmp,2021-03-31,0,3,4,4,0,47,2,4,5,11,5,0,123,0
Gmp,2021-04-30,0,2,4,2,0,53,2,2,1,12,2,0,62,0
Gmp,2021-05-31,0,3,6,2,0,37,3,3,2,15,1,0,70,0
Gmp,2021-06-30,1,1,3,3,0,41,1,0,2,12,4,0,96,0
Gmp,2021-07-31,1,1,10,2,0,30,3,0,3,18,1,0,77,0
Gmp,2021-08-31,1,3,1,0,0,34,2,1,6,11,1,0,108,0
Gmp,2021-09-30,2,1,6,1,0,34,3,1,2,12,4,0,100,0
Gmp,2021-10-31,1,0,4,5,0,38,4,0,0,17,2,0,109,0
Gmp,2021-11-30,2,3,5,5,0,36,4,0,4,10,1,0,86,0
Gmp,2021-12-31,1,3,5,1,0,21,0,0,2,9,0,0,75,0
Gmp,2022-01-31,0,3,4,2,0,28,3,0,1,6,0,1,87,0
Gmp,2022-02-28,6,2,1,3,0,23,4,0,0,12,1,0,84,0
Gmp,2022-03-31,4,1,10,3,0,53,1,1,2,15,2,0,85,1
Gmp,2022-04-30,1,7,2,4,0,40,1,1,2,14,0,0,70,0
Gmp,2022-05-31,3,1,3,0,0,31,3,0,5,15,1,0,79,0
Gmp,2022-06-30,1,4,3,1,0,47,3,1,1,13,1,0,68,0
Gmp,2022-07-31,2,4,8,3,0,40,1,0,1,3,3,0,58,0
Gmp,2022-08-31,1,3,6,0,0,28,1,1,5,10,6,1,98,0
Gmp,2022-09-30,3,1,3,4,0,35,1,2,4,12,4,1,88,0
Gmp,2022-10-31,0,2,6,1,0,39,6,3,2,19,1,0,88,2
Gmp,2022-11-30,1,2,5,2,0,33,5,6,2,11,4,1,116,2
Gmp,2022-12-31,1,1,6,2,0,27,2,1,0,10,1,3,83,1
Gmp,2023-01-31,1,2,4,4,0,26,2,3,1,6,1,1,78,0
Gmp,2023-02-28,2,7,4,4,0,32,1,2,3,13,0,1,96,2
Gmp,2023-03-31,2,1,8,3,0,23,3,3,0,4,0,1,85,2
Gmp,2023-04-30,1,5,7,0,0,21,2,1,0,9,1,1,76,0
Gmp,2023-05-31,0,2,9,0,0,17,0,0,3,4,0,0,61,0
Gmp,2023-06-30,1,3,10,0,0,22,3,1,2,7,1,0,81,1
Gmp,2023-07-31,2,6,14,0,0,26,6,0,4,12,2,0,86,0
Gmp,2023-08-31,2,7,7,0,0,40,2,1,4,19,2,0,113,3
Gmp,2023-09-30,0,3,11,0,0,27,5,3,3,9,1,0,103,1
Gmp,2023-10-31,1,2,9,2,0,26,5,2,3,13,0,0,118,2
Gmp,2023-11-30,0,2,4,0,0,22,2,5,4,10,0,10,58,0
Gmp,2023-12-31,2,4,7,3,0,37,0,1,8,9,0,0,103,0
Gmp,2024-01-31,4,0,11,4,0,22,5,2,5,5,0,1,87,0
Gmp,2024-02-29,1,6,10,0,0,32,1,1,9,8,2,1,105,1
Gmp,2024-03-31,2,5,1,1,0,23,4,0,7,18,0,0,104,2
Gmp,2024-04-30,0,5,5,4,0,30,4,2,12,12,1,0,92,0
Gmp,2024-05-31,4,5,8,0,0,31,2,3,0,0,1,0,124,0
Gmp,2024-06-30,2,8,6,0,0,35,2,0,4,8,0,0,81,1
Gmp,2024-07-31,0,4,7,0,0,33,2,9,3,13,1,5,71,1
Gmp,2024-08-31,3,1,17,0,0,23,0,3,3,4,0,0,14,0
Gmp,2024-09-30,3,3,11,1,0,28,0,2,8,9,0,0,16,0
Gmp,2024-10-31,3,3,7,2,0,21,4,0,3,8,1,2,53,0
Gmp,2024-11-30,0,3,3,0,0,21,6,1,2,15,3,0,85,0
Gmp,2024-12-31,1,2,3,0,0,20,1,1,2,8,1,0,74,1
Gmp,2025-01-31,2,9,5,2,0,25,2,1,7,10,6,0,72,0
Gmp,2025-02-28,1,1,8,0,0,20,6,0,2,12,2,5,59,0
Gmp,2025-03-31,0,1,0,1,0,10,1,0,0,6,2,0,21,0
Gmp,2025-04-30,4,9,8,0,0,33,2,0,4,9,2,1,64,4
Gmp,2025-05-31,1,1,2,0,0,12,0,0,2,7,4,0,93,0
Gmp,2025-06-30,1,5,8,0,0,24,6,3,7,12,1,1,57,0
Khulna Range,2019-01-31,4,4,37,0,0,99,2,2,7,36,13,3,814,20
Khulna Range,2019-02-28,0,2,27,4,0,104,2,1,6,41,26,2,1099,34
Khulna Range,2019-03-31,3,2,40,3,1,125,0,0,13,36,20,5,715,38
Khulna Range,2019-04-30,2,4,35,1,0,161,6,2,15,28,14,0,697,29
Khulna Range,2019-05-31,3,4,36,0,0,171,3,3,11,35,22,4,642,31
Khulna Range,2019-06-30,3,17,32,0,0,196,5,5,20,49,15,2,568,43
Khulna Range,2019-07-31,4,8,39,0,0,213,1,4,17,62,18,5,956,30
Khulna Range,2019-08-31,3,9,37,2,0,174,3,1,19,46,21,5,809,29
Khulna Range,2019-09-30,2,5,25,4,0,203,4,3,25,64,15,0,877,41
Khulna Range,2019-10-31,3,5,21,4,0,175,0,2,22,54,13,3,805,42
Khulna Range,2019-11-30,1,7,28,2,0,169,0,1,19,62,21,4,743,26
Khulna Range,2019-12-31,3,5,24,0,0,153,0,0,18,39,13,2,760,23
Khulna Range,2020-01-31,5,5,26,1,0,140,6,3,21,58,11,2,779,24
Khulna Range,2020-02-29,3,6,17,2,0,168,2,4,19,49,26,2,766,27
Khulna Range,2020-03-31,4,12,32,3,0,195,4,1,17,57,23,1,616,23
Khulna Range,2020-04-30,0,2,29,3,0,127,0,3,9,41,10,0,242,7
Khulna Range,2020-05-31,1,2,36,2,0,131,0,2,8,45,9,1,294,5
Khulna Range,2020-06-30,4,9,32,5,0,188,2,5,19,49,16,2,436,15
Khulna Range,2020-07-31,2,10,29,4,0,215,3,3,24,92,16,0,716,32
Khulna Range,2020-08-31,3,8,29,2,0,212,5,2,15,63,4,1,517,28
Khulna Range,2020-09-30,1,7,25,0,0,187,2,1,24,88,17,5,535,26
Khulna Range,2020-10-31,0,8,31,6,0,242,0,1,24,79,13,0,527,28
Khulna Range,2020-11-30,1,6,24,8,0,193,3,1,17,75,15,1,542,25
Khulna Range,2020-12-31,1,8,24,4,0,137,5,0,15,63,8,2,526,20
Khulna Range,2021-01-31,2,12,19,2,0,157,0,2,16,65,9,2,559,20
Khulna Range,2021-02-28,2,4,27,0,1,151,4,3,21,91,14,0,632,15
Khulna Range,2021-03-31,3,11,24,5,0,196,3,0,23,89,18,0,848,33
Khulna Range,2021-04-30,1,10,25,3,0,200,5,5,13,66,6,4,489,13
Khulna Range,2021-05-31,1,5,32,5,0,177,2,1,10,63,7,2,571,12
Khulna Range,2021-06-30,2,8,23,3,0,196,3,2,19,77,7,1,583,11
Khulna Range,2021-07-31,0,4,28,2,0,129,1,1,23,62,12,1,446,15
Khulna Range,2021-08-31,3,9,26,2,0,184,0,3,19,70,10,0,681,18
Khulna Range,2021-09-30,0,8,27,5,0,194,0,5,22,76,10,2,539,13
Khulna Range,2021-10-31,3,8,17,3,0,170,2,2,24,82,21,4,519,17
Khulna Range,2021-11-30,0,5,29,9,0,123,1,4,6,59,12,4,513,11
Khulna Range,2021-12-31,2,3,24,15,0,138,1,4,12,74,18,2,497,14
Khulna Range,2022-01-31,2,10,29,5,0,131,3,4,18,64,16,3,636,22
Khulna Range,2022-02-28,1,5,23,5,0,120,0,2,13,70,12,4,745,14
Khulna Range,2022-03-31,1,5,28,6,0,160,1,2,12,67,9,4,578,14
Khulna Range,2022-04-30,0,10,31,4,0,154,2,3,11,88,11,2,616,12
Khulna Range,2022-05-31,1,2,27,1,0,184,1,2,16,67,9,2,574,7
Khulna Range,2022-06-30,7,4,23,5,0,184,3,6,14,74,9,1,672,14
Khulna Range,2022-07-31,3,6,24,5,0,180,0,0,18,84,18,1,574,13
Khulna Range,2022-08-31,5,6,21,3,0,168,3,1,26,92,8,5,644,17
Khulna Range,2022-09-30,2,3,22,6,1,202,1,4,21,101,7,3,650,31
Khulna Range,2022-10-31,7,5,22,7,0,168,3,1,21,96,12,8,580,22
Khulna Range,2022-11-30,4,7,23,5,0,163,0,3,21,92,9,5,626,26
Khulna Range,2022-12-31,0,3,18,2,0,118,1,0,9,75,11,23,631,14
Khulna Range,2023-01-31,3,4,15,4,0,121,2,0,10,76,6,1,686,18
Khulna Range,2023-02-28,1,10,16,19,0,109,2,4,13,72,17,14,676,24
Khulna Range,2023-03-31,1,7,22,12,0,168,2,3,16,83,7,1,705,17
Khulna Range,2023-04-30,3,9,22,8,0,122,5,1,12,94,5,3,610,20
Khulna Range,2023-05-31,1,7,25,9,0,170,4,1,16,83,7,2,683,17
Khulna Range,2023-06-30,5,5,26,8,0,197,2,4,13,80,12,2,689,14
Khulna Range,2023-07-31,2,4,27,3,1,148,1,0,20,89,10,3,714,13
Khulna Range,2023-08-31,2,6,24,4,0,164,2,2,25,77,12,2,708,20
Khulna Range,2023-09-30,1,4,15,6,0,154,3,5,13,86,11,4,806,16
Khulna Range,2023-10-31,2,3,22,3,0,150,5,0,9,82,9,13,668,15
Khulna Range,2023-11-30,0,6,16,6,0,113,1,1,14,51,10,21,529,18
Khulna Range,2023-12-31,0,2,11,5,0,82,1,2,12,53,7,1,597,9
Khulna Range,2024-01-31,0,5,23,4,0,71,1,2,15,59,9,7,561,8
Khulna Range,2024-02-29,0,8,19,10,2,104,3,4,17,61,15,1,686,10
Khulna Range,2024-03-31,0,7,17,9,0,139,1,0,17,73,10,5,666,13
Khulna Range,2024-04-30,2,2,18,14,0,129,3,4,9,58,11,3,618,14
Khulna Range,2024-05-31,2,6,32,7,0,134,2,2,14,48,4,4,555,6
Khulna Range,2024-06-30,1,6,15,4,1,177,1,3,17,49,12,0,548,9
Khulna Range,2024-07-31,1,7,27,15,0,178,1,6,16,84,13,4,609,13
Khulna Range,2024-08-31,4,5,62,4,0,90,0,6,5,39,4,7,86,3
Khulna Range,2024-09-30,2,6,19,15,1,117,8,0,17,65,13,17,183,15
Khulna Range,2024-10-31,1,14,23,7,0,157,8,3,22,76,21,4,312,5
Khulna Range,2024-11-30,3,10,22,8,0,134,3,5,17,77,31,2,416,16
Khulna Range,2024-12-31,4,14,19,4,0,125,2,5,13,78,16,2,430,14
Khulna Range,2025-01-31,4,10,28,5,0,153,3,0,17,79,15,1,390,7
Khulna Range,2025-02-28,2,11,22,2,0,140,2,1,18,60,12,7,315,8
Khulna Range,2025-03-31,3,5,13,1,0,97,0,13,5,50,3,0,142,28
Khulna Range,2025-04-30,0,16,32,14,0,207,6,2,11,64,22,5,438,8
Khulna Range,2025-05-31,6,8,36,8,0,192,0,8,13,78,22,5,402,9
Khulna Range,2025-06-30,5,9,28,9,0,156,6,4,19,61,19,4,393,16
Kmp,2019-01-31,1,0,4,1,0,8,0,0,5,4,2,0,272,3
Kmp,2019-02-28,0,0,1,1,0,6,0,0,5,3,2,0,223,1
Kmp,2019-03-31,0,1,2,1,0,15,0,0,5,4,3,0,222,3
Kmp,2019-04-30,0,0,1,0,0,15,0,0,2,4,2,0,197,7
Kmp,2019-05-31,0,2,0,0,0,12,0,1,2,7,0,0,117,2
Kmp,2019-06-30,0,0,1,0,0,16,0,0,1,5,0,0,115,2
Kmp,2019-07-31,0,0,2,0,0,16,0,0,1,3,0,0,90,3
Kmp,2019-08-31,0,0,3,0,0,13,0,0,1,11,1,0,83,0
Kmp,2019-09-30,1,0,2,0,0,7,0,0,0,9,0,0,148,0
Kmp,2019-10-31,0,0,0,1,0,10,0,0,3,6,0,2,108,1
Kmp,2019-11-30,0,0,1,0,0,9,0,0,0,1,3,0,111,1
Kmp,2019-12-31,0,0,0,0,0,11,0,1,2,5,0,0,98,1
Kmp,2020-01-31,0,0,1,0,0,8,0,0,5,2,1,0,129,2
Kmp,2020-02-29,0,2,1,0,0,8,2,0,1,6,0,0,129,0
Kmp,2020-03-31,0,0,3,1,0,7,0,0,1,2,0,0,102,0
Kmp,2020-04-30,0,1,0,0,0,1,0,1,1,1,0,0,7,0
Kmp,2020-05-31,0,0,0,0,0,12,1,0,2,2,0,0,5,0
Kmp,2020-06-30,0,2,3,0,0,5,0,0,0,4,0,0,51,0
Kmp,2020-07-31,0,2,4,0,0,13,0,0,1,6,2,10,188,1
Kmp,2020-08-31,0,1,4,1,0,9,0,1,4,9,2,0,119,0
Kmp,2020-09-30,0,3,0,2,0,6,2,0,1,13,0,0,155,1
Kmp,2020-10-31,0,1,0,1,0,18,0,1,2,12,0,0,97,0
Kmp,2020-11-30,0,1,1,0,0,15,0,1,2,7,0,0,148,0
Kmp,2020-12-31,0,2,0,0,0,10,1,0,3,6,0,0,75,1
Kmp,2021-01-31,0,0,2,0,0,8,3,1,2,18,3,0,79,3
Kmp,2021-02-28,0,0,1,0,0,8,0,1,2,8,1,0,92,0
Kmp,2021-03-31,0,0,1,0,0,9,0,2,1,10,2,0,117,0
Kmp,2021-04-30,0,0,1,0,0,6,0,0,5,11,0,0,97,0
Kmp,2021-05-31,0,2,3,0,0,13,0,0,1,8,0,0,94,0
Kmp,2021-06-30,0,1,0,0,0,18,0,1,1,11,1,0,97,2
Kmp,2021-07-31,0,0,1,0,0,13,0,0,2,8,0,0,75,2
Kmp,2021-08-31,0,0,0,0,0,10,0,0,4,17,3,0,104,1
Kmp,2021-09-30,0,0,4,0,0,9,0,0,2,10,1,0,97,0
Kmp,2021-10-31,1,0,1,0,0,12,0,0,0,11,2,0,83,2
Kmp,2021-11-30,2,2,0,0,0,12,2,0,2,4,1,0,80,1
Kmp,2021-12-31,0,0,1,0,0,5,0,0,3,5,1,0,85,1
Kmp,2022-01-31,0,0,2,0,0,12,0,0,4,4,1,1,101,0
Kmp,2022-02-28,0,1,2,0,0,13,0,0,2,5,2,0,103,0
Kmp,2022-03-31,0,0,1,0,0,12,0,0,2,4,1,1,89,1
Kmp,2022-04-30,0,0,0,0,0,12,0,1,3,3,1,0,83,0
Kmp,2022-05-31,0,0,1,0,0,21,0,0,2,8,1,0,73,1
Kmp,2022-06-30,1,0,2,1,0,13,0,1,2,2,2,1,87,0
Kmp,2022-07-31,0,0,2,1,0,14,1,0,6,6,0,0,71,0
Kmp,2022-08-31,0,0,2,0,0,17,1,0,3,5,1,0,64,0
Kmp,2022-09-30,0,2,1,1,0,20,1,0,6,7,1,0,83,0
Kmp,2022-10-31,0,0,1,1,0,19,1,0,7,4,2,0,69,0
Kmp,2022-11-30,0,0,1,1,0,19,0,0,3,6,0,0,69,0
Kmp,2022-12-31,1,0,4,0,0,18,0,1,5,4,1,0,76,0
Kmp,2023-01-31,1,0,1,0,0,24,1,0,2,6,2,0,87,1
Kmp,2023-02-28,0,1,0,0,0,17,0,1,2,3,1,1,60,0
Kmp,2023-03-31,0,1,1,0,0,23,0,0,5,11,1,1,76,2
Kmp,2023-04-30,0,1,2,0,0,24,0,0,5,5,0,0,58,0
Kmp,2023-05-31,1,0,0,2,0,32,0,0,8,9,0,0,61,0
Kmp,2023-06-30,0,2,2,1,0,26,0,0,6,7,0,0,45,0
Kmp,2023-07-31,1,0,5,0,0,29,0,0,7,16,0,0,71,0
Kmp,2023-08-31,0,0,2,2,0,26,0,1,7,9,5,0,113,0
Kmp,2023-09-30,0,0,0,0,0,39,1,0,1,8,4,0,92,0
Kmp,2023-10-31,0,0,2,2,0,30,0,0,5,8,5,0,137,0
Kmp,2023-11-30,0,1,1,0,0,10,1,1,3,17,0,0,93,0
Kmp,2023-12-31,0,0,0,2,0,16,0,0,4,11,4,0,137,0
Kmp,2024-01-31,0,1,2,2,0,3,0,0,3,8,3,0,125,1
Kmp,2024-02-29,1,0,0,0,0,11,0,1,7,14,3,0,148,0
Kmp,2024-03-31,0,2,0,0,0,11,0,1,5,14,0,0,138,0
Kmp,2024-04-30,0,0,0,0,0,6,1,2,6,10,1,2,119,2
Kmp,2024-05-31,0,1,4,0,0,25,0,0,1,10,2,0,126,2
Kmp,2024-06-30,0,0,4,2,0,14,0,1,4,12,1,0,110,0
Kmp,2024-07-31,0,2,4,1,0,14,0,1,5,12,1,0,119,0
Kmp,2024-08-31,1,1,0,0,0,12,1,1,0,3,0,0,10,0
Kmp,2024-09-30,0,0,1,0,0,26,2,0,5,9,1,0,19,0
Kmp,2024-10-31,1,5,0,0,0,24,4,0,2,14,3,0,63,1
Kmp,2024-11-30,1,2,4,1,0,23,0,1,5,13,5,0,61,1
Kmp,2024-12-31,0,3,2,0,0,10,2,0,4,8,4,0,70,1
Kmp,2025-01-31,2,1,2,3,0,19,2,0,0,14,4,0,83,1
Kmp,2025-02-28,0,1,1,0,0,7,3,0,2,14,1,0,74,0
Kmp,2025-03-31,1,4,7,8,0,46,1,3,5,20,4,0,61,0
Kmp,2025-04-30,0,0,2,2,0,15,1,1,7,16,5,0,54,0
Kmp,2025-05-31,1,5,5,2,0,15,0,0,5,13,1,0,92,0
Kmp,2025-06-30,0,4,3,1,0,14,0,0,8,14,7,1,51,2
Mymensingh Range,2019-01-31,1,0,23,1,0,87,2,6,5,24,5,2,435,7
Mymensingh Range,2019-02-28,0,1,22,5,0,80,3,4,10,27,2,0,530,5
Mymensingh Range,2019-03-31,1,0,17,2,0,102,1,0,4,19,5,0,467,4
Mymensingh Range,2019-04-30,1,1,24,2,0,166,0,0,4,34,3,0,510,2
Mymensingh Range,2019-05-31,1,0,27,0,0,139,5,3,6,30,4,0,485,4
Mymensingh Range,2019-06-30,0,2,19,0,0,173,4,3,4,32,5,0,503,5
Mymensingh Range,2019-07-31,0,3,20,0,0,155,2,6,6,31,7,0,646,5
Mymensingh Range,2019-08-31,1,4,29,4,0,161,2,4,5,33,10,0,482,9
Mymensingh Range,2019-09-30,1,2,24,6,0,161,4,4,4,48,7,0,766,15
Mymensingh Range,2019-10-31,1,2,19,3,0,160,4,5,5,32,4,1,608,13
Mymensingh Range,2019-11-30,0,2,14,2,0,161,1,0,7,34,3,0,597,4
Mymensingh Range,2019-12-31,0,3,13,4,0,130,3,1,4,33,1,0,520,10
Mymensingh Range,2020-01-31,0,1,9,7,0,138,2,6,4,40,5,0,795,6
Mymensingh Range,2020-02-29,1,1,16,5,0,129,1,4,7,35,3,0,508,7
Mymensingh Range,2020-03-31,1,2,21,3,0,122,0,4,4,31,4,0,436,10
Mymensingh Range,2020-04-30,0,1,25,1,0,58,2,4,1,27,1,0,38,2
Mymensingh Range,2020-05-31,0,0,26,3,0,104,3,0,4,28,2,0,108,3
Mymensingh Range,2020-06-30,0,9,12,8,0,136,0,2,7,35,2,0,236,3
Mymensingh Range,2020-07-31,0,4,13,8,0,143,1,1,6,56,3,0,452,7
Mymensingh Range,2020-08-31,0,2,21,10,0,195,0,0,11,28,2,0,264,7
Mymensingh Range,2020-09-30,2,3,18,15,0,202,1,0,6,41,3,0,220,5
Mymensingh Range,2020-10-31,0,4,21,6,0,265,3,4,10,53,1,0,270,14
Mymensingh Range,2020-11-30,0,0,16,9,0,183,1,3,7,43,4,0,283,11
Mymensingh Range,2020-12-31,0,1,17,6,0,186,1,1,10,42,6,0,293,5
Mymensingh Range,2021-01-31,0,0,7,15,0,142,2,0,9,39,2,0,392,14
Mymensingh Range,2021-02-28,0,3,20,12,0,130,2,0,5,38,0,3,269,15
Mymensingh Range,2021-03-31,1,1,15,17,0,189,3,0,9,44,4,0,488,18
Mymensingh Range,2021-04-30,0,0,17,12,0,168,4,3,6,36,2,0,292,6
Mymensingh Range,2021-05-31,0,2,19,17,0,191,0,2,2,51,2,0,270,12
Mymensingh Range,2021-06-30,0,2,20,17,0,238,2,2,4,43,4,1,307,11
Mymensingh Range,2021-07-31,0,1,19,11,0,194,1,2,4,50,2,0,189,21
Mymensingh Range,2021-08-31,0,2,24,13,0,225,1,0,6,60,0,1,342,19
Mymensingh Range,2021-09-30,0,1,17,8,0,204,3,0,2,60,3,0,354,17
Mymensingh Range,2021-10-31,1,0,10,13,0,179,1,0,1,46,2,0,274,25
Mymensingh Range,2021-11-30,0,0,8,10,0,151,3,13,7,40,4,1,278,7
Mymensingh Range,2021-12-31,0,6,15,11,0,144,4,2,4,37,0,0,215,19
Mymensingh Range,2022-01-31,0,2,16,16,0,128,1,4,5,49,0,2,252,15
Mymensingh Range,2022-02-28,1,1,14,4,0,124,4,4,5,42,1,0,328,16
Mymensingh Range,2022-03-31,2,6,20,6,0,196,5,1,3,56,2,0,309,26
Mymensingh Range,2022-04-30,1,2,17,8,0,182,1,2,1,62,3,0,308,26
Mymensingh Range,2022-05-31,0,4,26,12,0,190,3,2,4,31,2,0,270,24
Mymensingh Range,2022-06-30,0,3,15,12,0,218,5,2,7,44,3,0,330,29
Mymensingh Range,2022-07-31,3,3,27,9,0,199,6,2,6,43,1,0,261,39
Mymensingh Range,2022-08-31,2,4,20,8,0,238,7,4,11,67,2,0,345,40
Mymensingh Range,2022-09-30,3,3,23,3,0,222,7,3,4,50,2,0,314,53
Mymensingh Range,2022-10-31,0,3,30,5,0,193,6,3,5,46,0,2,306,34
Mymensingh Range,2022-11-30,0,2,24,3,0,159,3,2,9,45,3,3,382,22
Mymensingh Range,2022-12-31,1,0,12,3,0,123,1,3,14,27,0,5,275,31
Mymensingh Range,2023-01-31,0,2,14,7,0,108,1,0,7,44,3,7,300,37
Mymensingh Range,2023-02-28,0,2,16,6,0,98,4,4,4,35,2,5,290,33
Mymensingh Range,2023-03-31,1,1,20,4,0,144,4,1,3,42,1,3,313,25
Mymensingh Range,2023-04-30,0,3,25,10,0,103,2,0,3,44,4,3,291,35
Mymensingh Range,2023-05-31,0,2,14,10,0,153,8,0,6,57,3,8,340,23
Mymensingh Range,2023-06-30,0,1,11,8,0,174,1,2,8,48,0,4,303,42
Mymensingh Range,2023-07-31,0,4,19,2,0,172,4,2,5,44,2,2,296,40
Mymensingh Range,2023-08-31,0,0,13,7,0,204,1,1,6,64,0,26,251,37
Mymensingh Range,2023-09-30,0,3,15,2,0,189,4,1,8,38,1,19,260,46
Mymensingh Range,2023-10-31,0,1,19,3,0,197,3,0,13,49,0,12,211,45
Mymensingh Range,2023-11-30,0,2,10,3,0,144,3,1,10,37,3,8,164,28
Mymensingh Range,2023-12-31,0,3,20,4,0,112,1,0,5,45,1,1,163,27
Mymensingh Range,2024-01-31,0,4,14,9,0,84,4,6,7,42,1,0,234,27
Mymensingh Range,2024-02-29,0,4,14,1,0,124,1,7,4,35,0,0,294,21
Mymensingh Range,2024-03-31,0,2,23,2,0,115,3,2,3,55,1,0,275,27
Mymensingh Range,2024-04-30,0,2,30,8,0,108,2,4,3,42,1,0,285,39
Mymensingh Range,2024-05-31,0,4,19,5,0,122,2,3,6,39,3,0,252,32
Mymensingh Range,2024-06-30,0,5,21,4,0,119,2,2,5,31,3,0,254,51
Mymensingh Range,2024-07-31,0,1,21,5,0,139,1,7,8,51,0,6,219,26
Mymensingh Range,2024-08-31,0,2,26,3,0,87,1,0,3,30,1,0,40,11
Mymensingh Range,2024-09-30,2,4,16,8,0,126,1,0,8,33,5,1,67,29
Mymensingh Range,2024-10-31,2,5,17,8,0,112,6,1,5,53,1,0,123,60
Mymensingh Range,2024-11-30,1,3,11,6,0,115,5,1,6,37,7,2,163,39
Mymensingh Range,2024-12-31,1,6,16,13,0,81,4,0,9,33,5,1,192,54
Mymensingh Range,2025-01-31,4,2,13,11,0,85,5,2,7,46,3,0,234,28
Mymensingh Range,2025-02-28,1,4,19,10,0,94,3,1,6,35,2,0,207,38
Mymensingh Range,2025-03-31,21,42,66,4,0,375,10,22,43,144,17,1,620,1
Mymensingh Range,2025-04-30,0,7,21,6,0,120,2,1,4,37,4,0,293,42
Mymensingh Range,2025-05-31,2,3,17,3,0,123,1,2,5,56,1,2,257,45
Mymensingh Range,2025-06-30,1,6,19,5,0,133,2,1,8,39,6,0,276,36
Railway Range,2019-01-31,0,0,2,0,0,0,0,0,0,5,0,0,55,12
Railway Range,2019-02-28,0,1,1,0,0,0,0,0,0,8,0,0,56,13
Railway Range,2019-03-31,0,0,2,0,0,1,0,0,0,9,0,0,49,11
Railway Range,2019-04-30,0,1,2,0,0,0,0,0,0,4,0,0,67,13
Railway Range,2019-05-31,0,1,3,0,0,0,0,0,0,7,0,0,48,16
Railway Range,2019-06-30,1,0,0,0,0,1,0,0,0,5,0,0,36,11
Railway Range,2019-07-31,0,4,1,0,0,1,0,0,0,7,1,0,62,24
Railway Range,2019-08-31,0,2,3,0,0,2,0,0,0,5,0,0,27,4
Railway Range,2019-09-30,0,0,2,0,0,1,0,0,0,5,0,0,41,16
Railway Range,2019-10-31,0,2,2,1,0,0,0,0,0,9,0,1,34,17
Railway Range,2019-11-30,0,4,1,0,0,0,0,0,0,5,1,0,33,15
Railway Range,2019-12-31,0,0,2,0,0,0,0,0,0,7,1,0,34,13
Railway Range,2020-01-31,0,1,2,0,0,3,0,0,0,9,0,0,36,10
Railway Range,2020-02-29,0,1,2,0,0,0,1,0,1,6,0,0,27,15
Railway Range,2020-03-31,0,2,3,0,0,0,0,0,1,6,0,0,20,5
Railway Range,2020-04-30,0,0,0,0,0,1,0,0,0,2,0,0,15,0
Railway Range,2020-05-31,0,0,0,0,0,1,0,0,0,1,0,0,1,1
Railway Range,2020-06-30,0,0,1,0,0,1,0,0,0,2,0,0,6,1
Railway Range,2020-07-31,0,0,1,0,0,0,0,0,0,5,0,0,13,3
Railway Range,2020-08-31,0,0,1,0,0,0,0,0,0,1,0,0,13,2
Railway Range,2020-09-30,0,1,1,0,0,1,1,0,0,5,0,0,18,0
Railway Range,2020-10-31,1,2,2,0,0,1,1,0,0,8,1,0,16,2
Railway Range,2020-11-30,0,2,0,0,0,1,0,0,0,5,1,0,34,0
Railway Range,2020-12-31,0,0,2,0,0,0,0,1,0,8,0,0,18,1
Railway Range,2021-01-31,0,1,1,0,0,2,0,0,0,3,0,0,24,0
Railway Range,2021-02-28,0,0,1,1,0,1,0,0,1,7,0,0,36,0
Railway Range,2021-03-31,0,0,0,0,0,0,0,0,0,7,0,0,34,1
Railway Range,2021-04-30,0,0,0,0,0,0,0,0,0,4,0,0,10,0
Railway Range,2021-05-31,0,0,1,0,0,0,0,0,0,4,0,0,5,0
Railway Range,2021-06-30,0,2,0,0,0,0,0,0,0,4,1,0,15,0
Railway Range,2021-07-31,0,0,0,0,0,1,0,0,0,4,0,0,4,0
Railway Range,2021-08-31,0,1,1,0,0,0,0,0,0,13,0,0,13,0
Railway Range,2021-09-30,1,1,1,0,0,1,0,0,0,18,1,0,34,1
Railway Range,2021-10-31,0,0,2,0,0,0,0,0,0,12,0,0,18,1
Railway Range,2021-11-30,0,1,1,0,0,0,0,0,0,6,2,0,29,2
Railway Range,2021-12-31,0,1,0,0,0,0,0,0,0,9,0,0,16,1
Railway Range,2022-01-31,0,0,1,0,0,0,2,0,0,12,0,0,34,1
Railway Range,2022-02-28,0,2,2,0,0,2,0,0,0,4,0,0,32,0
Railway Range,2022-03-31,0,2,1,0,0,1,0,1,0,17,0,0,35,2
Railway Range,2022-04-30,0,3,0,0,0,0,0,0,0,13,0,0,28,3
Railway Range,2022-05-31,0,2,1,0,0,3,0,0,0,15,0,0,20,1
Railway Range,2022-06-30,0,1,4,0,0,3,0,0,0,9,0,0,39,2
Railway Range,2022-07-31,0,1,0,0,0,1,0,0,0,9,0,0,28,1
Railway Range,2022-08-31,0,2,0,0,0,1,0,0,0,22,0,0,34,2
Railway Range,2022-09-30,0,2,2,0,0,0,1,0,0,13,3,0,38,2
Railway Range,2022-10-31,0,3,2,0,0,1,0,1,0,19,5,0,33,2
Railway Range,2022-11-30,0,0,2,0,0,0,0,0,0,4,2,0,32,5
Railway Range,2022-12-31,0,1,2,0,0,0,0,0,0,8,0,0,29,1
Railway Range,2023-01-31,0,1,0,0,0,1,0,0,0,15,3,0,27,3
Railway Range,2023-02-28,0,5,2,0,0,1,0,0,0,19,3,0,22,2
Railway Range,2023-03-31,0,1,2,0,0,0,1,0,0,17,1,0,22,3
Railway Range,2023-04-30,0,2,0,0,0,0,0,0,0,11,1,0,18,1
Railway Range,2023-05-31,0,1,0,2,0,1,0,0,0,15,0,0,22,1
Railway Range,2023-06-30,0,1,1,0,0,0,0,0,0,16,1,0,12,0
Railway Range,2023-07-31,0,3,2,0,0,1,0,0,0,14,1,0,13,1
Railway Range,2023-08-31,1,2,3,0,0,1,0,0,0,14,2,0,16,0
Railway Range,2023-09-30,0,2,2,0,0,2,0,1,0,23,0,0,20,0
Railway Range,2023-10-31,0,3,1,0,2,1,0,0,0,24,1,0,16,0
Railway Range,2023-11-30,0,2,1,0,0,0,0,0,0,17,2,0,14,0
Railway Range,2023-12-31,0,5,0,0,0,0,0,0,0,12,1,1,25,1
Railway Range,2024-01-31,0,1,1,0,0,1,0,0,0,12,0,0,15,0
Railway Range,2024-02-29,0,1,5,0,0,0,0,0,0,12,1,0,18,1
Railway Range,2024-03-31,0,1,1,0,0,1,0,0,0,13,0,0,24,0
Railway Range,2024-04-30,0,1,0,0,0,1,0,0,0,6,0,0,13,0
Railway Range,2024-05-31,0,5,0,1,0,1,0,0,0,13,2,0,11,2
Railway Range,2024-06-30,0,0,3,1,0,1,0,0,0,16,0,0,12,0
Railway Range,2024-07-31,0,1,0,0,0,2,0,0,0,12,1,0,14,0
Railway Range,2024-08-31,0,0,0,0,0,0,0,0,0,14,0,0,3,0
Railway Range,2024-09-30,2,3,1,0,0,0,0,0,0,15,2,0,15,0
Railway Range,2024-10-31,0,5,1,0,0,0,0,0,0,17,0,0,22,0
Railway Range,2024-11-30,0,4,0,0,0,0,0,0,0,6,0,0,39,4
Railway Range,2024-12-31,0,4,0,0,0,0,0,0,0,12,0,0,26,0
Railway Range,2025-01-31,0,1,0,0,0,0,0,0,0,17,0,0,23,1
Railway Range,2025-02-28,0,4,2,0,0,0,0,0,0,10,0,0,15,0
Railway Range,2025-03-31,7,10,21,4,0,271,5,4,8,79,6,11,485,12
Railway Range,2025-04-30,0,4,2,0,0,2,0,0,0,9,1,0,27,2
Railway Range,2025-05-31,0,13,1,0,0,0,0,0,0,13,0,0,39,2
Railway Range,2025-06-30,0,5,1,0,0,2,0,0,0,16,1,0,26,1
Rajshahi Range,2019-01-31,5,8,29,6,0,99,8,2,5,40,25,15,1166,134
Rajshahi Range,2019-02-28,2,3,32,3,0,128,6,6,3,25,27,3,1424,141
Rajshahi Range,2019-03-31,2,2,22,10,0,138,4,1,4,35,17,4,1148,105
Rajshahi Range,2019-04-30,1,8,36,9,0,212,0,1,5,46,15,2,1226,109
Rajshahi Range,2019-05-31,2,5,35,0,0,241,2,3,10,41,18,6,1158,128
Rajshahi Range,2019-06-30,2,7,54,0,0,250,3,3,8,29,12,4,1046,114
Rajshahi Range,2019-07-31,1,4,35,0,0,256,4,2,8,42,23,4,1378,93
Rajshahi Range,2019-08-31,1,9,28,10,0,196,2,2,7,43,20,4,1245,97
Rajshahi Range,2019-09-30,1,9,26,6,0,284,9,3,9,38,28,6,1543,123
Rajshahi Range,2019-10-31,2,10,29,11,0,230,5,4,6,41,24,4,1414,135
Rajshahi Range,2019-11-30,1,6,26,4,0,236,3,4,7,35,22,4,1362,137
Rajshahi Range,2019-12-31,2,4,21,4,0,204,2,2,5,43,15,4,1439,135
Rajshahi Range,2020-01-31,0,8,32,4,0,219,4,1,9,52,16,2,1549,136
Rajshahi Range,2020-02-29,3,7,36,2,0,204,1,4,7,43,20,3,1542,124
Rajshahi Range,2020-03-31,0,3,21,9,0,220,1,5,7,34,18,1,1441,94
Rajshahi Range,2020-04-30,0,3,31,2,0,160,2,4,1,23,14,0,276,34
Rajshahi Range,2020-05-31,0,9,32,7,0,163,0,6,3,29,15,0,328,38
Rajshahi Range,2020-06-30,0,4,33,7,0,230,3,0,5,29,12,4,650,74
Rajshahi Range,2020-07-31,0,3,40,8,0,220,0,5,5,63,23,7,1240,87
Rajshahi Range,2020-08-31,1,9,33,7,0,342,3,3,9,44,12,4,938,94
Rajshahi Range,2020-09-30,0,6,29,8,0,348,2,4,12,58,11,3,969,101
Rajshahi Range,2020-10-31,3,8,36,5,0,324,3,2,13,46,17,2,1068,114
Rajshahi Range,2020-11-30,0,7,27,3,0,235,3,6,8,39,11,3,971,76
Rajshahi Range,2020-12-31,1,4,38,3,0,196,2,5,4,43,10,0,766,89
Rajshahi Range,2021-01-31,1,7,42,2,0,182,2,4,5,39,17,7,818,63
Rajshahi Range,2021-02-28,1,6,30,5,0,158,1,2,6,39,21,6,802,66
Rajshahi Range,2021-03-31,0,7,34,4,0,210,4,6,7,48,13,1,992,57
Rajshahi Range,2021-04-30,1,5,34,4,0,213,2,3,3,43,14,1,889,61
Rajshahi Range,2021-05-31,1,5,33,8,0,187,3,6,8,55,17,1,852,47
Rajshahi Range,2021-06-30,0,7,28,11,0,231,3,5,7,65,13,5,863,59
Rajshahi Range,2021-07-31,2,8,34,12,0,198,2,7,5,58,12,3,853,47
Rajshahi Range,2021-08-31,4,7,30,8,0,230,5,5,10,76,21,4,1535,53
Rajshahi Range,2021-09-30,1,9,31,8,0,245,1,3,12,64,16,1,1242,71
Rajshahi Range,2021-10-31,0,8,37,7,0,185,5,6,11,61,20,2,1224,54
Rajshahi Range,2021-11-30,0,7,30,7,0,147,1,14,7,44,23,10,908,40
Rajshahi Range,2021-12-31,1,11,36,4,0,124,0,9,6,54,26,3,846,53
Rajshahi Range,2022-01-31,0,10,21,7,0,142,4,10,5,52,19,7,1005,66
Rajshahi Range,2022-02-28,2,6,31,11,0,172,0,3,14,64,28,2,1107,77
Rajshahi Range,2022-03-31,0,7,28,11,0,227,2,8,7,87,31,1,1165,72
Rajshahi Range,2022-04-30,3,11,28,3,0,237,1,3,7,83,26,4,1057,69
Rajshahi Range,2022-05-31,1,12,38,4,0,251,1,6,7,58,26,1,1121,63
Rajshahi Range,2022-06-30,0,6,25,5,0,259,4,4,12,83,28,2,1084,70
Rajshahi Range,2022-07-31,1,6,34,8,0,262,2,2,7,55,12,5,1146,61
Rajshahi Range,2022-08-31,2,13,32,8,0,302,1,3,14,99,20,2,1288,47
Rajshahi Range,2022-09-30,2,12,30,4,0,247,4,7,9,84,21,4,1083,35
Rajshahi Range,2022-10-31,3,17,35,7,0,208,2,4,13,75,26,3,1128,31
Rajshahi Range,2022-11-30,5,7,28,7,0,182,1,7,14,73,37,43,1081,32
Rajshahi Range,2022-12-31,1,6,20,4,0,135,4,2,9,59,32,8,940,21
Rajshahi Range,2023-01-31,0,11,22,4,0,146,2,0,12,78,29,0,1062,30
Rajshahi Range,2023-02-28,1,10,25,3,0,150,0,3,5,73,23,5,996,36
Rajshahi Range,2023-03-31,2,9,26,6,0,209,2,3,10,90,37,4,1133,51
Rajshahi Range,2023-04-30,1,10,28,13,0,166,3,1,7,74,30,6,889,29
Rajshahi Range,2023-05-31,3,12,23,10,0,227,2,5,6,83,50,5,999,34
Rajshahi Range,2023-06-30,1,9,26,8,0,208,4,2,4,74,28,5,935,37
Rajshahi Range,2023-07-31,1,10,25,6,0,228,2,3,12,90,50,5,1134,41
Rajshahi Range,2023-08-31,1,16,38,10,0,218,4,1,19,89,48,5,1092,49
Rajshahi Range,2023-09-30,1,12,23,14,0,214,6,2,12,93,42,3,1035,53
Rajshahi Range,2023-10-31,2,13,34,3,0,202,3,3,11,90,38,44,989,34
Rajshahi Range,2023-11-30,2,5,26,10,0,178,1,7,4,57,21,51,793,28
Rajshahi Range,2023-12-31,2,4,24,6,0,143,2,3,8,61,22,19,997,22
Rajshahi Range,2024-01-31,1,11,26,8,0,130,1,3,4,77,29,17,867,20
Rajshahi Range,2024-02-29,1,9,23,7,0,164,5,1,9,77,37,4,986,16
Rajshahi Range,2024-03-31,1,6,25,4,0,205,5,6,5,87,38,4,1161,28
Rajshahi Range,2024-04-30,0,7,20,11,0,218,4,9,7,78,40,6,982,41
Rajshahi Range,2024-05-31,3,13,21,5,0,227,8,6,2,67,34,0,892,30
Rajshahi Range,2024-06-30,0,8,36,3,0,221,4,3,10,79,27,3,835,24
Rajshahi Range,2024-07-31,2,14,24,9,0,207,3,8,6,83,26,28,937,44
Rajshahi Range,2024-08-31,0,5,72,10,0,140,1,2,6,44,5,33,174,15
Rajshahi Range,2024-09-30,2,12,29,7,0,219,1,2,12,59,23,44,287,14
Rajshahi Range,2024-10-31,5,19,17,2,0,212,3,1,7,68,13,21,457,27
Rajshahi Range,2024-11-30,5,4,27,1,0,179,2,1,7,68,21,18,521,12
Rajshahi Range,2024-12-31,4,11,23,3,0,132,4,3,5,74,13,12,520,11
Rajshahi Range,2025-01-31,4,12,22,5,0,200,9,1,10,73,16,8,532,13
Rajshahi Range,2025-02-28,11,11,30,5,0,196,5,4,8,47,15,12,418,6
Rajshahi Range,2025-03-31,0,0,0,0,0,0,0,0,0,0,0,0,0,0
Rajshahi Range,2025-04-30,7,11,35,11,0,265,10,9,5,84,20,10,606,3
Rajshahi Range,2025-05-31,3,11,29,4,0,298,10,2,7,46,9,1,519,12
Rajshahi Range,2025-06-30,3,11,38,0,0,230,4,3,8,56,28,12,441,12
Rangpur Range,2019-01-31,1,2,33,0,0,116,0,0,8,38,4,0,551,94
Rangpur Range,2019-02-28,0,0,14,0,0,160,1,3,8,40,2,0,649,94
Rangpur Range,2019-03-31,2,1,15,0,0,152,3,3,8,44,2,0,561,81
Rangpur Range,2019-04-30,1,4,23,1,0,216,2,2,6,41,1,0,607,72
Rangpur Range,2019-05-31,1,2,17,0,0,227,1,3,7,46,1,1,553,81
Rangpur Range,2019-06-30,1,2,22,1,0,222,1,2,6,40,2,0,467,82
Rangpur Range,2019-07-31,1,2,18,0,0,225,3,2,9,45,2,0,650,100
Rangpur Range,2019-08-31,0,4,27,1,0,271,0,2,7,66,4,1,620,88
Rangpur Range,2019-09-30,1,3,22,1,0,285,5,2,12,67,4,0,706,71
Rangpur Range,2019-10-31,1,5,21,2,0,226,0,3,17,63,2,0,579,104
Rangpur Range,2019-11-30,1,6,22,2,0,183,0,7,8,42,3,0,533,81
Rangpur Range,2019-12-31,2,1,15,1,0,149,2,3,12,39,1,0,496,81
Rangpur Range,2020-01-31,1,2,29,2,0,163,2,3,14,55,5,0,563,107
Rangpur Range,2020-02-29,0,1,21,1,0,185,3,1,10,45,4,0,524,71
Rangpur Range,2020-03-31,1,1,22,1,0,194,1,1,9,62,2,0,457,65
Rangpur Range,2020-04-30,0,0,27,3,0,104,1,2,5,29,0,0,276,34
Rangpur Range,2020-05-31,0,5,38,1,0,152,0,4,9,37,1,0,224,30
Rangpur Range,2020-06-30,0,5,28,7,0,197,1,1,9,40,2,0,355,23
Rangpur Range,2020-07-31,1,2,26,3,0,217,3,0,15,83,1,0,499,37
Rangpur Range,2020-08-31,0,3,33,4,0,304,2,0,13,68,0,0,314,33
Rangpur Range,2020-09-30,0,1,25,1,0,287,5,1,13,67,3,0,361,28
Rangpur Range,2020-10-31,0,4,17,3,0,297,1,3,13,66,0,0,345,25
Rangpur Range,2020-11-30,0,2,21,2,0,239,0,3,16,46,0,0,395,17
Rangpur Range,2020-12-31,1,3,24,3,0,204,1,0,4,57,2,0,448,28
Rangpur Range,2021-01-31,3,4,25,0,0,159,2,1,8,46,0,1,416,39
Rangpur Range,2021-02-28,0,1,18,4,0,158,2,2,18,41,2,3,457,19
Rangpur Range,2021-03-31,0,3,24,4,0,221,2,2,12,69,1,1,503,32
Rangpur Range,2021-04-30,1,4,28,3,0,198,2,2,10,51,2,0,349,15
Rangpur Range,2021-05-31,1,2,22,0,0,229,4,3,5,56,2,0,436,30
Rangpur Range,2021-06-30,0,4,28,2,0,273,2,1,17,58,0,0,413,32
Rangpur Range,2021-07-31,1,4,33,2,0,230,2,3,18,55,1,0,306,25
Rangpur Range,2021-08-31,3,2,25,3,0,293,4,3,26,65,2,0,424,23
Rangpur Range,2021-09-30,3,1,17,3,0,238,4,1,19,82,0,1,364,21
Rangpur Range,2021-10-31,1,1,18,1,0,229,2,2,18,55,1,0,305,18
Rangpur Range,2021-11-30,2,6,14,0,0,143,0,14,8,62,2,0,269,17
Rangpur Range,2021-12-31,0,2,15,1,0,158,5,6,8,65,1,0,287,5
Rangpur Range,2022-01-31,1,5,20,1,0,162,4,2,18,73,0,6,332,10
Rangpur Range,2022-02-28,1,3,22,2,0,176,2,0,16,60,2,0,379,9
Rangpur Range,2022-03-31,0,3,21,1,0,224,4,1,17,74,0,0,428,8
Rangpur Range,2022-04-30,1,2,21,4,0,195,3,3,15,71,1,0,404,11
Rangpur Range,2022-05-31,2,2,21,3,0,241,3,2,17,56,3,0,380,9
Rangpur Range,2022-06-30,0,5,24,4,0,219,5,0,11,84,2,0,340,6
Rangpur Range,2022-07-31,1,5,21,1,0,252,5,7,20,63,0,1,313,11
Rangpur Range,2022-08-31,3,5,23,1,0,300,2,2,19,82,2,0,399,6
Rangpur Range,2022-09-30,1,4,19,2,0,277,3,1,22,84,1,0,389,4
Rangpur Range,2022-10-31,0,5,22,4,0,260,6,2,15,64,0,0,348,10
Rangpur Range,2022-11-30,1,6,23,5,0,204,1,3,20,75,1,0,342,11
Rangpur Range,2022-12-31,1,2,17,4,0,136,2,7,14,64,0,0,405,10
Rangpur Range,2023-01-31,0,3,23,1,0,157,3,0,21,64,0,0,389,11
Rangpur Range,2023-02-28,0,2,22,3,0,166,2,3,8,72,0,0,374,10
Rangpur Range,2023-03-31,1,4,27,2,0,212,5,6,11,59,2,7,424,7
Rangpur Range,2023-04-30,0,0,21,3,0,197,3,2,14,67,0,0,403,9
Rangpur Range,2023-05-31,3,1,21,2,0,207,3,5,9,73,2,0,420,10
Rangpur Range,2023-06-30,2,6,25,3,0,251,1,2,16,77,0,0,329,9
Rangpur Range,2023-07-31,2,3,28,1,0,242,2,2,14,82,1,0,375,6
Rangpur Range,2023-08-31,0,1,20,4,0,234,0,0,16,76,1,0,536,7
Rangpur Range,2023-09-30,0,3,16,2,0,194,4,5,19,81,3,0,453,9
Rangpur Range,2023-10-31,0,3,20,4,0,214,3,5,13,73,2,3,434,5
Rangpur Range,2023-11-30,0,3,22,1,0,189,0,6,11,55,1,3,376,10
Rangpur Range,2023-12-31,2,6,22,3,0,114,2,1,14,47,0,1,415,6
Rangpur Range,2024-01-31,2,2,11,0,0,117,4,1,13,60,0,0,436,5
Rangpur Range,2024-02-29,3,3,17,3,0,134,2,1,17,71,0,0,434,5
Rangpur Range,2024-03-31,0,7,20,4,0,203,5,4,9,63,1,0,535,4
Rangpur Range,2024-04-30,1,2,30,3,0,211,4,6,12,73,1,0,432,8
Rangpur Range,2024-05-31,1,2,19,3,0,222,4,1,10,56,0,0,449,9
Rangpur Range,2024-06-30,0,5,20,2,0,184,4,1,8,57,0,0,465,5
Rangpur Range,2024-07-31,0,2,30,3,0,206,4,7,13,72,1,0,417,11
Rangpur Range,2024-08-31,2,4,21,1,0,190,1,0,9,32,1,1,125,6
Rangpur Range,2024-09-30,3,3,20,10,0,235,1,0,19,47,5,0,213,1
Rangpur Range,2024-10-31,3,7,14,3,0,177,6,0,17,75,2,0,367,6
Rangpur Range,2024-11-30,1,4,16,3,0,175,5,1,8,54,3,2,405,5
Rangpur Range,2024-12-31,1,7,12,0,0,146,7,1,15,59,4,1,453,9
Rangpur Range,2025-01-31,3,6,19,0,0,194,4,2,14,67,4,0,423,7
Rangpur Range,2025-02-28,4,6,23,2,0,171,8,1,4,69,7,2,408,8
Rangpur Range,2025-03-31,5,1,14,12,0,164,2,2,13,44,3,0,150,0
Rangpur Range,2025-04-30,0,4,13,1,0,213,7,1,4,60,1,0,432,10
Rangpur Range,2025-05-31,2,4,20,0,0,236,6,2,7,77,2,0,377,11
Rangpur Range,2025-06-30,2,3,23,0,0,290,2,0,5,77,5,0,399,3
Rmp,2019-01-31,0,4,1,1,1,11,0,0,4,6,3,0,283,35
Rmp,2019-02-28,0,2,0,2,0,10,0,0,5,5,2,0,311,23
Rmp,2019-03-31,0,2,0,1,1,15,0,1,2,4,0,0,265,18
Rmp,2019-04-30,0,4,0,0,0,19,2,0,0,4,1,0,410,31
Rmp,2019-05-31,0,4,1,0,0,22,1,2,1,5,0,0,337,27
Rmp,2019-06-30,0,2,2,0,0,25,0,0,4,2,0,0,255,19
Rmp,2019-07-31,0,6,2,0,0,11,5,1,2,9,2,0,396,30
Rmp,2019-08-31,0,2,5,2,0,20,2,2,3,6,3,0,342,18
Rmp,2019-09-30,1,2,1,0,0,29,0,1,2,2,2,0,341,24
Rmp,2019-10-31,0,4,0,0,1,26,3,1,5,4,4,0,391,16
Rmp,2019-11-30,0,1,4,0,0,14,0,0,1,7,2,0,325,19
Rmp,2019-12-31,0,0,0,0,0,15,2,1,2,7,0,1,272,23
Rmp,2020-01-31,0,1,1,0,0,17,0,0,0,11,0,0,289,26
Rmp,2020-02-29,0,5,1,0,0,16,2,0,1,7,1,0,268,13
Rmp,2020-03-31,0,2,1,0,2,19,1,0,5,8,0,0,243,29
Rmp,2020-04-30,0,1,1,0,0,11,0,1,3,3,0,0,51,5
Rmp,2020-05-31,0,1,2,0,0,17,0,0,4,2,2,0,60,7
Rmp,2020-06-30,0,4,2,0,0,15,0,0,4,2,0,0,255,19
Rmp,2020-07-31,0,4,3,0,0,23,0,0,0,15,1,0,59,7
Rmp,2020-08-31,0,5,1,0,0,27,1,0,9,10,0,0,157,14
Rmp,2020-09-30,0,2,2,0,0,24,1,0,5,5,2,0,271,15
Rmp,2020-10-31,0,1,0,0,0,32,3,0,4,5,2,0,301,10
Rmp,2020-11-30,0,1,4,1,0,26,0,0,3,7,0,0,377,33
Rmp,2020-12-31,0,2,0,1,0,14,2,2,2,3,2,0,311,18
Rmp,2021-01-31,0,2,2,0,0,18,1,1,2,5,1,0,329,26
Rmp,2021-02-28,0,3,1,0,0,18,4,2,0,7,0,0,221,18
Rmp,2021-03-31,0,2,1,0,0,19,0,1,1,5,0,0,292,19
Rmp,2021-04-30,0,3,5,0,0,18,0,0,1,4,1,0,128,12
Rmp,2021-05-31,0,1,1,0,0,16,0,0,4,7,2,0,174,11
Rmp,2021-06-30,0,1,5,1,1,13,0,0,2,3,2,0,134,7
Rmp,2021-07-31,0,2,2,1,0,11,0,0,7,4,0,0,141,6
Rmp,2021-08-31,0,2,4,0,0,10,0,0,3,4,3,0,374,7
Rmp,2021-09-30,0,1,7,0,0,17,0,2,2,9,1,0,276,11
Rmp,2021-10-31,0,2,1,0,0,12,1,0,3,9,0,0,281,9
Rmp,2021-11-30,0,1,2,2,0,13,1,0,2,5,1,0,216,15
Rmp,2021-12-31,0,0,1,0,0,6,1,0,1,4,0,0,205,15
Rmp,2022-01-31,0,9,3,5,0,14,1,0,0,9,0,1,214,14
Rmp,2022-02-28,0,2,2,0,0,13,0,1,4,8,0,0,209,8
Rmp,2022-03-31,0,0,0,0,0,18,1,1,2,8,1,0,261,1
Rmp,2022-04-30,0,0,5,0,0,15,1,1,2,4,1,0,206,0
Rmp,2022-05-31,0,2,3,1,0,17,0,0,3,6,1,0,247,0
Rmp,2022-06-30,0,2,3,0,0,13,1,1,3,16,0,0,209,2
Rmp,2022-07-31,0,2,4,0,0,9,1,0,5,3,0,2,215,0
Rmp,2022-08-31,1,4,1,2,0,27,0,0,7,9,2,0,248,1
Rmp,2022-09-30,0,3,3,0,0,16,0,0,3,12,1,0,214,1
Rmp,2022-10-31,0,5,0,0,0,17,1,1,1,5,0,2,218,0
Rmp,2022-11-30,0,0,0,0,0,5,0,2,5,7,1,1,211,0
Rmp,2022-12-31,0,0,0,0,0,16,2,0,1,4,0,0,206,2
Rmp,2023-01-31,0,5,2,0,0,16,1,0,2,8,0,5,172,0
Rmp,2023-02-28,0,2,2,0,0,19,3,0,2,9,1,5,134,0
Rmp,2023-03-31,0,7,1,0,0,16,1,1,2,11,2,3,110,0
Rmp,2023-04-30,0,4,1,0,0,25,0,4,3,5,1,0,94,1
Rmp,2023-05-31,0,6,0,0,0,15,1,5,4,8,2,10,118,0
Rmp,2023-06-30,0,1,1,0,0,16,2,0,3,3,1,0,51,1
Rmp,2023-07-31,0,3,3,0,0,11,0,0,3,14,0,2,102,0
Rmp,2023-08-31,0,1,1,0,0,19,4,0,5,14,1,6,127,1
Rmp,2023-09-30,0,3,2,0,0,12,1,0,6,14,2,2,77,0
Rmp,2023-10-31,0,3,4,0,0,14,4,2,3,15,4,6,123,1
Rmp,2023-11-30,0,2,1,0,1,13,0,8,7,11,4,16,94,1
Rmp,2023-12-31,0,2,2,1,0,14,0,2,2,8,2,2,193,0
Rmp,2024-01-31,0,4,1,2,0,8,0,1,2,6,1,1,163,0
Rmp,2024-02-29,1,2,0,3,0,15,1,0,6,17,0,0,138,0
Rmp,2024-03-31,0,0,0,0,0,11,2,2,4,13,0,0,145,0
Rmp,2024-04-30,0,2,0,0,0,21,0,2,0,14,0,0,141,2
Rmp,2024-05-31,0,6,1,1,0,17,3,0,5,12,0,0,141,0
Rmp,2024-06-30,0,4,0,0,0,23,0,3,6,12,1,0,143,3
Rmp,2024-07-31,1,1,3,1,1,19,2,2,3,18,2,5,98,1
Rmp,2024-08-31,0,3,2,0,0,17,1,3,2,2,1,18,15,0
Rmp,2024-09-30,0,1,5,1,0,18,1,1,3,7,0,11,12,0
Rmp,2024-10-31,0,4,3,0,0,7,0,0,5,5,0,5,65,0
Rmp,2024-11-30,0,2,0,1,0,22,2,0,4,8,0,3,64,0
Rmp,2024-12-31,0,3,1,0,0,12,2,1,4,6,1,2,90,0
Rmp,2025-01-31,0,0,2,0,0,12,1,1,4,5,1,1,87,0
Rmp,2025-02-28,1,5,4,0,1,6,2,0,2,7,2,2,91,0
Rmp,2025-03-31,0,5,1,3,0,14,1,3,5,20,4,0,61,0
Rmp,2025-04-30,0,2,2,1,0,21,0,0,4,13,0,0,72,0
Rmp,2025-05-31,1,5,0,0,0,12,2,0,3,11,1,2,90,2
Rmp,2025-06-30,0,7,0,0,0,19,3,0,3,14,0,0,57,1
Rpmp,2019-01-31,0,0,1,0,0,12,1,0,0,6,0,0,68,0
Rpmp,2019-02-28,1,0,0,1,0,16,5,0,0,6,1,0,68,0
Rpmp,2019-03-31,0,2,1,0,0,10,5,0,0,5,0,0,50,0
Rpmp,2019-04-30,0,0,1,0,0,14,0,0,0,5,0,0,89,0
Rpmp,2019-05-31,0,2,2,0,0,13,0,0,0,5,3,0,72,0
Rpmp,2019-06-30,0,0,3,0,0,12,5,0,0,6,1,0,69,0
Rpmp,2019-07-31,1,2,2,0,0,23,0,0,1,4,2,0,84,0
Rpmp,2019-08-31,0,0,2,0,0,16,0,0,0,7,0,0,91,0
Rpmp,2019-09-30,0,0,1,0,0,13,5,0,0,10,1,0,67,0
Rpmp,2019-10-31,0,0,0,0,0,11,0,0,0,3,1,0,102,0
Rpmp,2019-11-30,1,0,1,0,0,18,0,0,0,3,1,0,67,0
Rpmp,2019-12-31,1,2,3,1,0,11,0,0,0,11,1,0,64,0
Rpmp,2020-01-31,0,0,2,0,0,22,0,0,0,8,1,0,63,0
Rpmp,2020-02-29,0,1,2,1,0,15,0,1,0,6,0,0,72,0
Rpmp,2020-03-31,0,0,2,1,0,24,0,0,0,11,0,0,87,0
Rpmp,2020-04-30,0,1,1,0,0,6,0,0,0,3,0,0,10,0
Rpmp,2020-05-31,0,1,5,0,0,8,0,0,0,5,0,0,15,0
Rpmp,2020-06-30,0,0,3,2,0,21,1,0,1,6,0,0,24,0
Rpmp,2020-07-31,0,0,2,2,0,24,5,0,0,11,0,0,33,0
Rpmp,2020-08-31,0,1,0,3,0,26,6,0,0,15,0,0,37,0
Rpmp,2020-09-30,0,1,2,0,0,15,0,0,3,9,1,0,54,0
Rpmp,2020-10-31,0,0,0,0,0,30,0,0,0,14,0,0,74,0
Rpmp,2020-11-30,0,0,2,1,0,18,0,1,4,8,0,0,54,0
Rpmp,2020-12-31,0,0,1,0,0,20,0,0,3,8,1,0,58,0
Rpmp,2021-01-31,0,0,0,9,0,21,1,0,3,12,0,0,68,0
Rpmp,2021-02-28,0,0,1,1,0,17,1,0,0,9,0,0,65,0
Rpmp,2021-03-31,0,0,0,4,0,11,0,0,7,16,0,0,72,2
Rpmp,2021-04-30,0,0,2,2,0,31,1,1,6,11,0,0,29,0
Rpmp,2021-05-31,0,0,1,5,0,16,0,0,8,8,0,0,42,0
Rpmp,2021-06-30,0,0,2,2,0,22,1,0,2,10,1,0,65,0
Rpmp,2021-07-31,0,0,1,6,0,28,1,0,0,16,0,0,45,0
Rpmp,2021-08-31,0,0,0,0,0,11,2,0,5,13,0,0,67,0
Rpmp,2021-09-30,0,0,2,3,0,22,0,0,4,13,0,0,62,0
Rpmp,2021-10-31,0,0,1,1,0,17,0,0,2,13,0,0,58,0
Rpmp,2021-11-30,0,0,0,1,0,17,0,2,0,11,1,0,44,0
Rpmp,2021-12-31,0,0,0,0,0,10,0,0,3,17,0,0,50,0
Rpmp,2022-01-31,0,0,0,0,0,23,1,0,3,13,0,1,56,0
Rpmp,2022-02-28,0,0,0,0,0,8,0,0,0,15,0,0,44,0
Rpmp,2022-03-31,0,0,2,3,0,16,0,0,0,18,0,0,38,0
Rpmp,2022-04-30,0,0,0,0,0,24,0,0,0,14,0,0,43,0
Rpmp,2022-05-31,0,0,0,2,0,15,0,0,0,12,0,0,42,0
Rpmp,2022-06-30,0,0,0,0,0,7,0,0,0,20,0,0,27,0
Rpmp,2022-07-31,0,0,0,3,0,12,0,0,2,12,0,0,20,0
Rpmp,2022-08-31,0,0,0,0,0,16,1,1,0,15,0,0,33,0
Rpmp,2022-09-30,0,0,0,2,0,12,0,0,0,12,0,0,34,0
Rpmp,2022-10-31,0,0,1,0,0,23,0,0,0,22,0,0,27,0
Rpmp,2022-11-30,0,0,0,0,0,13,1,0,0,20,0,0,27,0
Rpmp,2022-12-31,0,0,0,2,0,5,0,0,0,10,0,0,33,0
Rpmp,2023-01-31,0,0,0,0,0,12,0,0,0,18,1,0,29,0
Rpmp,2023-02-28,0,0,0,1,0,13,0,0,0,8,0,0,32,0
Rpmp,2023-03-31,0,0,0,2,0,14,0,0,0,12,0,0,30,0
Rpmp,2023-04-30,0,0,2,3,0,7,0,1,0,10,0,0,24,0
Rpmp,2023-05-31,0,0,3,1,0,9,0,0,0,11,0,0,32,0
Rpmp,2023-06-30,0,0,0,0,0,13,0,0,0,8,0,0,32,1
Rpmp,2023-07-31,0,0,0,0,0,13,2,1,0,8,3,0,63,0
Rpmp,2023-08-31,0,0,0,0,0,11,0,1,0,9,1,0,66,0
Rpmp,2023-09-30,0,0,1,0,0,10,0,0,0,9,0,0,42,1
Rpmp,2023-10-31,0,0,2,0,0,13,0,0,0,14,2,0,52,0
Rpmp,2023-11-30,0,0,0,1,0,9,2,0,0,10,0,0,33,0
Rpmp,2023-12-31,0,0,0,0,0,8,0,0,0,4,0,2,70,0
Rpmp,2024-01-31,0,0,1,1,0,4,5,0,0,6,0,0,71,1
Rpmp,2024-02-29,0,1,1,0,0,8,1,0,0,12,1,0,61,0
Rpmp,2024-03-31,0,0,0,0,0,7,3,0,0,8,1,0,57,0
Rpmp,2024-04-30,0,0,2,3,0,9,5,1,0,9,0,0,38,0
Rpmp,2024-05-31,0,0,1,1,0,9,4,0,3,17,0,0,67,1
Rpmp,2024-06-30,0,1,2,0,0,8,2,1,0,9,1,0,43,0
Rpmp,2024-07-31,0,0,2,0,0,5,2,0,0,8,0,0,32,0
Rpmp,2024-08-31,0,0,8,0,0,5,3,0,0,6,1,0,6,0
Rpmp,2024-09-30,0,0,0,0,0,7,4,0,0,4,1,0,7,0
Rpmp,2024-10-31,0,1,1,0,0,7,3,0,0,8,0,0,21,0
Rpmp,2024-11-30,0,1,0,0,0,7,2,0,0,8,0,0,17,1
Rpmp,2024-12-31,1,2,0,0,0,3,2,0,0,10,0,0,24,0
Rpmp,2025-01-31,0,2,1,0,0,4,5,0,0,7,1,2,20,0
Rpmp,2025-02-28,0,2,0,0,0,10,0,0,0,8,1,0,17,0
Rpmp,2025-03-31,0,3,0,1,0,7,0,1,2,3,6,73,1,1
Rpmp,2025-04-30,0,0,0,0,0,16,0,0,0,6,0,0,14,0
Rpmp,2025-05-31,0,0,1,0,0,7,1,0,2,7,0,0,20,0
Rpmp,2025-06-30,0,1,2,0,2,11,2,0,0,7,4,0,20,0
Smp,2019-01-31,0,2,5,3,0,15,0,13,2,2,0,0,44,2
Smp,2019-02-28,0,1,2,7,0,6,0,0,0,4,0,0,53,1
Smp,2019-03-31,2,0,1,11,2,13,0,1,5,5,1,0,50,2
Smp,2019-04-30,0,1,2,0,0,19,1,0,1,4,0,0,71,3
Smp,2019-05-31,1,0,4,0,0,17,1,0,0,9,3,0,58,3
Smp,2019-06-30,0,3,5,0,0,21,1,3,0,3,0,0,72,7
Smp,2019-07-31,0,4,3,0,0,14,2,2,0,9,3,0,96,2
Smp,2019-08-31,1,1,2,5,0,25,0,2,5,8,2,0,65,4
Smp,2019-09-30,1,0,0,3,0,28,2,1,1,13,3,0,56,3
Smp,2019-10-31,0,0,1,9,0,25,0,0,5,12,3,1,51,5
Smp,2019-11-30,0,2,3,6,0,23,1,0,1,16,4,0,63,9
Smp,2019-12-31,0,0,4,4,0,17,1,1,2,18,1,0,50,8
Smp,2020-01-31,2,0,1,5,0,22,0,1,4,3,0,0,55,4
Smp,2020-02-29,0,2,1,10,0,22,1,0,1,5,1,0,54,1
Smp,2020-03-31,0,0,4,4,0,26,0,0,2,7,0,0,42,1
Smp,2020-04-30,0,0,1,2,0,11,0,1,4,6,0,0,10,0
Smp,2020-05-31,0,0,2,3,0,16,0,1,2,6,0,0,27,2
Smp,2020-06-30,0,0,6,5,0,20,0,1,0,3,0,0,25,2
Smp,2020-07-31,0,1,5,7,0,21,0,0,3,12,1,0,52,4
Smp,2020-08-31,1,3,2,6,0,17,0,1,3,9,2,0,48,4
Smp,2020-09-30,0,0,1,4,0,28,2,1,5,12,1,0,42,10
Smp,2020-10-31,0,0,1,3,0,29,1,1,3,13,1,0,36,13
Smp,2020-11-30,0,0,4,9,0,37,0,1,3,11,3,1,61,10
Smp,2020-12-31,0,0,3,4,0,20,0,2,2,18,3,1,87,4
Smp,2021-01-31,0,2,2,5,0,23,1,1,3,15,0,0,8,87
Smp,2021-02-28,0,0,4,13,0,33,0,5,3,13,1,0,75,4
Smp,2021-03-31,0,1,2,7,0,20,0,1,4,12,3,0,61,5
Smp,2021-04-30,0,0,2,3,0,26,0,1,3,16,3,0,72,7
Smp,2021-05-31,0,0,5,6,0,22,1,1,2,11,0,0,81,5
Smp,2021-06-30,0,2,3,6,0,30,0,1,6,19,0,0,69,5
Smp,2021-07-31,0,3,1,5,0,26,0,1,7,12,3,0,55,6
Smp,2021-08-31,0,0,2,5,0,24,0,0,1,16,5,0,78,9
Smp,2021-09-30,0,1,3,7,0,41,0,1,5,16,0,0,68,5
Smp,2021-10-31,0,6,2,4,0,26,1,2,11,18,1,0,62,1
Smp,2021-11-30,0,3,0,5,0,22,0,2,7,8,2,0,94,3
Smp,2021-12-31,0,2,1,7,0,16,0,0,4,9,0,0,75,8
Smp,2022-01-31,0,2,0,5,0,26,0,1,3,12,0,1,84,0
Smp,2022-02-28,0,2,3,6,0,17,0,0,4,6,0,0,52,3
Smp,2022-03-31,0,2,1,5,0,31,0,0,4,10,1,0,73,5
Smp,2022-04-30,0,0,5,5,0,20,0,2,5,15,4,0,55,6
Smp,2022-05-31,0,0,3,2,0,26,0,2,4,14,0,0,57,2
Smp,2022-06-30,0,0,1,4,0,26,0,2,2,9,0,0,68,5
Smp,2022-07-31,0,2,1,8,0,25,0,1,5,15,0,0,59,6
Smp,2022-08-31,0,0,2,8,0,34,0,1,5,12,1,0,67,2
Smp,2022-09-30,0,0,2,6,0,32,0,1,6,9,0,0,57,4
Smp,2022-10-31,0,1,0,8,0,34,1,0,8,6,1,0,61,10
Smp,2022-11-30,0,0,1,6,0,26,0,0,7,11,2,0,39,6
Smp,2022-12-31,0,0,0,6,0,12,0,3,2,6,0,0,42,12
Smp,2023-01-31,0,2,0,5,0,10,0,0,3,11,0,0,47,17
Smp,2023-02-28,0,0,3,9,0,11,0,3,2,14,0,0,50,6
Smp,2023-03-31,0,3,2,11,0,19,0,1,7,19,0,0,42,11
Smp,2023-04-30,0,0,1,14,0,19,0,1,5,16,0,0,49,9
Smp,2023-05-31,0,1,0,12,0,28,1,3,3,19,1,0,49,12
Smp,2023-06-30,0,0,5,13,0,13,0,3,4,10,0,0,32,3
Smp,2023-07-31,0,1,0,10,0,16,1,0,5,13,1,0,53,13
Smp,2023-08-31,0,1,1,10,0,19,0,3,6,13,0,0,35,20
Smp,2023-09-30,2,1,2,12,0,17,1,4,3,17,0,0,41,15
Smp,2023-10-31,0,0,1,7,1,22,0,3,6,20,0,0,30,8
Smp,2023-11-30,0,2,2,4,0,16,0,6,3,15,0,8,28,5
Smp,2023-12-31,0,0,1,1,0,17,0,1,4,15,0,0,39,7
Smp,2024-01-31,1,1,1,3,0,12,0,1,5,9,2,0,42,9
Smp,2024-02-29,1,0,0,6,0,22,0,1,2,9,0,0,30,8
Smp,2024-03-31,0,1,3,6,0,17,1,1,8,8,0,0,35,10
Smp,2024-04-30,0,0,2,5,0,17,0,3,6,11,0,0,35,13
Smp,2024-05-31,1,0,2,4,0,20,2,0,7,8,0,0,46,11
Smp,2024-06-30,0,1,3,10,0,20,1,0,5,6,0,0,33,17
Smp,2024-07-31,1,0,3,6,0,16,0,8,6,7,0,1,36,20
Smp,2024-08-31,0,1,4,8,0,4,1,4,1,4,1,0,11,12
Smp,2024-09-30,0,2,1,7,0,10,0,1,7,5,2,14,11,13
Smp,2024-10-31,1,0,2,5,0,8,1,0,4,8,0,11,24,20
Smp,2024-11-30,1,1,1,8,0,4,2,2,6,13,0,9,21,20
Smp,2024-12-31,1,3,2,7,0,11,2,2,2,7,0,2,32,15
Smp,2025-01-31,0,1,0,5,0,7,0,0,7,20,0,3,25,18
Smp,2025-02-28,0,3,3,0,0,5,0,0,2,6,1,4,37,25
Smp,2025-03-31,0,0,4,0,0,24,0,3,3,3,1,0,28,0
Smp,2025-04-30,0,0,3,0,0,11,0,1,6,8,0,3,35,14
Smp,2025-05-31,0,0,1,2,0,12,0,0,3,5,0,0,34,0
Smp,2025-06-30,0,2,2,5,0,12,0,0,4,5,1,1,25,4
Sylhet Range,2019-01-31,4,5,20,4,0,67,0,8,7,33,1,3,139,21
Sylhet Range,2019-02-28,6,4,11,2,0,59,0,4,5,34,4,1,258,19
Sylhet Range,2019-03-31,1,2,23,1,0,72,2,7,4,44,3,0,215,13
Sylhet Range,2019-04-30,4,2,17,2,0,97,5,3,7,32,3,0,236,23
Sylhet Range,2019-05-31,1,3,20,0,0,90,1,4,2,39,5,1,216,13
Sylhet Range,2019-06-30,1,5,24,0,0,94,3,4,7,45,5,0,179,12
Sylhet Range,2019-07-31,3,1,12,0,0,99,0,2,8,37,7,0,248,20
Sylhet Range,2019-08-31,3,2,22,2,0,84,2,6,9,39,4,0,252,29
Sylhet Range,2019-09-30,2,2,18,0,0,97,3,10,10,52,9,0,279,27
Sylhet Range,2019-10-31,1,2,12,0,0,96,2,3,8,46,6,0,241,34
Sylhet Range,2019-11-30,2,6,19,0,0,66,1,4,1,31,10,0,230,31
Sylhet Range,2019-12-31,2,4,16,4,0,60,1,2,3,39,5,0,222,20
Sylhet Range,2020-01-31,2,2,20,1,0,65,4,2,5,45,2,0,195,17
Sylhet Range,2020-02-29,3,3,19,0,0,67,1,2,4,30,6,0,220,26
Sylhet Range,2020-03-31,2,3,26,1,0,88,3,5,10,35,6,0,167,17
Sylhet Range,2020-04-30,2,0,13,0,0,38,0,4,2,31,1,0,56,2
Sylhet Range,2020-05-31,0,1,28,1,0,51,1,3,3,31,1,0,84,10
Sylhet Range,2020-06-30,0,1,19,0,0,66,2,3,5,31,1,0,142,14
Sylhet Range,2020-07-31,1,0,23,2,0,75,0,1,5,50,5,0,329,32
Sylhet Range,2020-08-31,2,3,22,2,0,88,0,3,7,42,3,0,210,32
Sylhet Range,2020-09-30,1,1,10,0,0,107,3,1,6,39,1,0,193,24
Sylhet Range,2020-10-31,0,3,21,2,0,127,1,3,7,52,1,0,169,42
Sylhet Range,2020-11-30,0,6,18,4,0,84,0,4,8,34,4,1,167,19
Sylhet Range,2020-12-31,1,4,14,3,0,70,1,3,5,37,6,1,186,20
Sylhet Range,2021-01-31,1,3,16,6,0,81,1,3,5,44,1,2,150,33
Sylhet Range,2021-02-28,0,5,15,5,0,75,1,5,5,54,6,0,223,29
Sylhet Range,2021-03-31,0,1,21,2,0,71,3,7,5,40,2,0,174,26
Sylhet Range,2021-04-30,2,4,22,2,0,72,3,2,8,33,2,0,151,25
Sylhet Range,2021-05-31,2,5,26,0,0,84,1,3,5,27,2,0,156,15
Sylhet Range,2021-06-30,3,4,18,4,0,113,1,1,5,48,4,0,171,31
Sylhet Range,2021-07-31,2,2,19,1,0,78,1,1,3,42,3,0,179,31
Sylhet Range,2021-08-31,0,3,18,3,0,104,2,0,5,48,2,0,218,26
Sylhet Range,2021-09-30,1,5,18,5,0,112,0,0,10,45,2,0,177,22
Sylhet Range,2021-10-31,1,6,14,0,0,79,3,3,5,27,2,0,140,16
Sylhet Range,2021-11-30,4,2,17,2,0,59,0,2,8,35,5,0,203,22
Sylhet Range,2021-12-31,0,3,16,1,0,57,0,5,3,39,3,0,117,22
Sylhet Range,2022-01-31,1,2,15,2,0,60,1,1,7,36,0,1,137,15
Sylhet Range,2022-02-28,1,2,13,1,0,81,1,1,3,37,2,1,163,30
Sylhet Range,2022-03-31,1,3,15,2,0,83,3,2,8,50,0,0,261,13
Sylhet Range,2022-04-30,2,6,15,1,0,93,1,4,2,39,0,1,155,27
Sylhet Range,2022-05-31,0,1,19,1,0,83,0,2,5,30,0,1,184,21
Sylhet Range,2022-06-30,3,3,10,3,0,87,0,1,5,36,3,1,151,12
Sylhet Range,2022-07-31,1,1,31,0,0,75,0,6,5,41,0,0,177,10
Sylhet Range,2022-08-31,1,3,17,1,0,96,1,2,2,47,3,0,173,21
Sylhet Range,2022-09-30,2,2,19,3,0,109,2,3,8,59,1,0,203,30
Sylhet Range,2022-10-31,2,2,12,4,0,89,1,4,8,32,1,2,175,29
Sylhet Range,2022-11-30,0,3,16,5,0,62,2,5,4,51,1,0,141,21
Sylhet Range,2022-12-31,1,2,11,0,0,58,1,3,3,52,1,0,160,19
Sylhet Range,2023-01-31,0,5,15,5,0,45,0,3,1,51,0,1,190,36
Sylhet Range,2023-02-28,1,4,8,5,0,56,2,4,3,48,1,0,147,37
Sylhet Range,2023-03-31,2,2,21,1,0,53,2,2,7,66,1,0,180,24
Sylhet Range,2023-04-30,0,6,33,1,0,53,2,4,1,59,1,0,152,17
Sylhet Range,2023-05-31,1,2,15,3,0,84,0,0,4,57,2,0,178,38
Sylhet Range,2023-06-30,0,0,17,5,0,67,1,4,3,63,0,0,116,29
Sylhet Range,2023-07-31,0,4,23,4,0,56,1,2,2,41,1,0,152,38
Sylhet Range,2023-08-31,2,1,14,3,0,79,3,1,4,52,2,0,131,91
Sylhet Range,2023-09-30,1,5,14,3,0,62,0,4,6,42,1,0,139,96
Sylhet Range,2023-10-31,1,2,10,5,0,55,1,8,5,60,0,1,98,71
Sylhet Range,2023-11-30,2,3,6,3,0,51,0,3,2,44,1,6,90,45
Sylhet Range,2023-12-31,2,4,10,0,0,42,3,2,4,46,1,0,104,26
Sylhet Range,2024-01-31,1,7,15,5,0,22,1,1,6,55,1,0,89,23
Sylhet Range,2024-02-29,5,4,25,3,0,57,0,3,5,54,1,0,122,33
Sylhet Range,2024-03-31,2,4,17,2,0,58,1,7,10,54,1,0,100,46
Sylhet Range,2024-04-30,0,2,23,8,0,59,1,4,9,53,1,0,84,30
Sylhet Range,2024-05-31,2,3,15,3,0,57,0,3,9,33,4,1,114,26
Sylhet Range,2024-06-30,1,1,10,1,0,54,2,0,5,39,0,0,98,37
Sylhet Range,2024-07-31,1,3,14,4,0,62,0,8,9,60,0,0,114,63
Sylhet Range,2024-08-31,1,6,29,5,0,28,1,2,2,16,0,0,22,26
Sylhet Range,2024-09-30,6,4,12,12,0,64,3,1,9,44,2,1,76,46
Sylhet Range,2024-10-31,5,4,18,8,0,74,2,5,5,49,1,2,145,74
Sylhet Range,2024-11-30,2,6,16,4,0,75,0,4,7,42,3,0,123,46
Sylhet Range,2024-12-31,4,5,16,4,0,56,3,2,7,38,2,0,98,39
Sylhet Range,2025-01-31,5,6,21,2,0,56,3,3,5,39,1,0,151,27
Sylhet Range,2025-02-28,2,6,13,3,0,79,1,5,4,50,1,0,103,23
Sylhet Range,2025-03-31,13,25,65,16,0,249,20,11,39,128,49,4,724,28
Sylhet Range,2025-04-30,3,6,20,0,0,97,1,3,3,38,5,1,165,18
Sylhet Range,2025-05-31,1,5,21,5,0,99,3,2,7,70,9,1,152,22
Sylhet Range,2025-06-30,2,4,20,3,0,92,2,5,5,52,2,0,114,26
Total,2019-01-31,32,68,351,48,1,1139,46,69,174,494,174,30,9069,361
Total,2019-02-28,24,43,262,63,0,1217,45,37,165,493,183,8,10003,355
Total,2019-03-31,20,39,290,74,4,1366,42,41,173,513,186,19,9160,317
Total,2019-04-30,28,71,319,53,0,1971,56,45,171,514,209,7,10029,321
Total,2019-05-31,24,82,320,5,0,2041,43,59,182,579,283,21,9491,333
Total,2019-06-30,25,92,371,7,0,2100,52,61,192,547,203,10,7949,322
Total,2019-07-31,38,96,332,7,0,2083,44,46,241,611,224,14,10170,335
Total,2019-08-31,28,79,344,55,0,1937,78,46,226,570,237,15,9156,298
Total,2019-09-30,38,75,268,50,0,2276,77,48,258,712,250,10,10198,360
Total,2019-10-31,38,90,288,69,1,2101,48,38,241,686,232,26,8888,397
Total,2019-11-30,22,95,258,46,1,1923,32,38,197,599,214,14,8670,360
Total,2019-12-31,33,66,250,54,1,1610,35,27,219,562,177,22,8409,355
Total,2020-01-31,39,83,273,53,2,1624,39,31,238,681,172,14,9153,360
Total,2020-02-29,26,87,257,56,1,1740,41,34,218,571,174,12,8531,324
Total,2020-03-31,26,78,279,72,2,1803,39,43,195,560,161,3,7623,271
Total,2020-04-30,10,32,273,37,0,925,10,45,93,293,77,9,1639,83
Total,2020-05-31,11,59,361,44,0,1168,19,50,136,397,112,6,2461,104
Total,2020-06-30,27,79,303,86,0,1739,38,33,184,506,136,9,4145,155
Total,2020-07-31,23,91,358,81,1,1912,38,39,216,779,239,13,8077,239
Total,2020-08-31,28,84,322,91,1,2313,49,24,258,584,90,11,5575,246
Total,2020-09-30,28,105,279,84,0,2339,54,23,264,752,128,16,6354,231
Total,2020-10-31,32,120,304,103,0,2982,55,52,262,745,155,13,6485,308
Total,2020-11-30,29,79,271,86,4,2202,47,40,239,675,134,19,6787,224
Total,2020-12-31,23,81,259,78,2,1770,57,35,230,657,112,21,6509,222
Total,2021-01-31,33,87,257,92,0,1641,45,47,232,694,114,37,6639,238
Total,2021-02-28,26,67,249,90,1,1597,42,50,217,685,147,28,6422,197
Total,2021-03-31,23,85,295,110,1,2000,45,79,225,722,156,18,7636,218
Total,2021-04-30,15,80,302,75,8,1855,36,51,176,621,158,17,5397,166
Total,2021-05-31,23,83,295,116,0,1849,39,44,203,662,161,17,6033,155
Total,2021-06-30,38,86,267,112,3,2268,50,41,217,738,153,12,6967,200
Total,2021-07-31,22,61,279,103,0,1817,24,32,240,681,155,16,5418,176
Total,2021-08-31,30,84,278,93,2,2079,32,30,296,805,169,17,8048,209
Total,2021-09-30,23,86,267,77,0,2135,37,37,235,830,163,16,7487,198
Total,2021-10-31,29,94,243,70,1,1966,35,57,228,741,130,14,6687,175
Total,2021-11-30,28,82,251,100,5,1503,31,93,184,632,191,41,6904,159
Total,2021-12-31,18,76,231,79,2,1426,29,47,192,687,164,35,6037,182
Total,2022-01-31,30,91,264,94,0,1433,39,53,213,729,147,30,7048,181
Total,2022-02-28,37,85,234,81,0,1454,25,45,206,719,158,20,7309,189
Total,2022-03-31,35,94,247,95,0,1976,37,57,223,888,140,29,7430,194
Total,2022-04-30,26,107,269,111,0,1876,35,55,228,887,170,20,6714,211
Total,2022-05-31,24,85,276,96,1,2001,32,44,226,689,147,16,6876,161
Total,2022-06-30,40,85,249,98,0,2039,45,56,227,842,128,13,6867,186
Total,2022-07-31,37,97,306,91,0,1962,33,40,258,743,116,17,6421,182
Total,2022-08-31,40,107,266,98,1,2215,45,44,294,910,118,26,7298,201
Total,2022-09-30,47,109,283,102,7,2080,40,45,257,926,106,25,6883,228
Total,2022-10-31,38,102,277,117,0,1942,61,51,252,784,100,34,6640,196
Total,2022-11-30,29,92,255,85,3,1586,34,55,237,771,112,102,6922,188
Total,2022-12-31,23,74,200,64,1,1202,34,56,189,703,98,130,6267,169
Total,2023-01-31,27,107,214,84,1,1265,31,36,191,784,110,31,6968,224
Total,2023-02-28,21,97,222,95,0,1295,26,56,168,725,109,49,6379,190
Total,2023-03-31,30,111,268,99,0,1652,38,47,185,797,128,29,6976,217
Total,2023-04-30,20,118,296,109,0,1448,39,39,183,776,119,23,5957,180
Total,2023-05-31,35,95,246,99,3,1867,49,55,196,807,151,40,6827,186
Total,2023-06-30,27,105,272,104,0,1830,41,42,193,831,97,18,6095,187
Total,2023-07-31,39,94,296,94,3,1794,39,47,239,802,127,43,6863,192
Total,2023-08-31,22,104,253,90,0,1851,40,44,269,889,133,48,7090,274
Total,2023-09-30,21,106,238,99,2,1699,50,48,230,830,132,46,6721,307
Total,2023-10-31,22,106,258,65,12,1621,48,77,224,868,129,156,5879,224
Total,2023-11-30,25,79,227,89,7,1426,33,79,205,664,110,235,4704,177
Total,2023-12-31,30,105,233,77,0,1193,29,37,200,702,116,60,5944,143
Total,2024-01-31,29,114,231,92,1,1043,51,43,228,749,121,43,5592,133
Total,2024-02-29,33,121,240,108,2,1371,43,37,220,820,129,10,6076,148
Total,2024-03-31,25,138,239,110,6,1509,51,43,217,865,128,24,6289,192
Total,2024-04-30,29,97,296,120,3,1623,55,79,220,812,117,17,5264,182
Total,2024-05-31,31,115,259,98,0,1767,50,43,219,726,112,18,5447,181
Total,2024-06-30,36,103,268,95,2,1689,31,36,251,745,98,7,5017,178
Total,2024-07-31,27,101,334,102,52,1702,32,170,219,785,105,103,4852,217
Total,2024-08-31,37,62,626,99,15,1072,27,41,132,381,44,81,966,90
Total,2024-09-30,57,104,283,128,19,1578,65,24,233,605,150,128,1827,151
Total,2024-10-31,68,157,249,93,5,1560,96,34,248,722,120,86,3272,237
Total,2024-11-30,47,133,211,91,11,1452,67,49,231,716,159,56,3978,194
Total,2024-12-31,71,159,204,90,9,1205,74,44,237,729,105,38,4137,181
Total,2025-01-31,71,171,294,91,8,1440,105,38,262,797,129,35,4386,142
Total,2025-02-28,74,153,300,83,10,1430,78,37,193,673,101,37,3632,143
Total,2025-03-31,2,10,26,0,0,218,7,1,6,80,1,1,395,4
Total,2025-04-30,46,149,336,88,3,2089,88,52,219,715,140,35,4392,154
Total,2025-05-31,67,177,341,80,8,2087,82,62,229,722,198,33,4443,182
Total,2025-06-30,49,151,344,64,8,1933,80,44,244,722,203,29,4098,147
